page	origin	destination	departure	arrival	frequency	flight
4	ORD	DBQ	08:25	09:17	X67	2829
4	ORD	DBQ	11:37	12:35	Daily	2833
4	ORD	DBQ	14:00	14:58	X6	2835
4	ORD	DBQ	19:52	20:50	Daily	2837
4	DBQ	ORD	07:03	08:00	X7	2830
4	DBQ	ORD	11:18	12:08	X67	2832
4	DBQ	ORD	14:39	15:36	Daily	2834
4	DBQ	ORD	16:58	17:55	X6	2836
4	ORD	EKI	07:20	08:56	X7	2754
4	ORD	EKI	11:35	13:11	Daily	2758
4	ORD	EKI	12:51	14:27	X67	2760
4	ORD	EKI	15:20	16:56	X6	2762
4	ORD	EKI	18:30	20:11	Daily	2764
4	ORD	EKI	20:50	22:26	X6	2768
4	EKI	ORD	07:24	07:09	X67	2755
4	EKI	ORD	09:24	09:09	X7	2759
4	EKI	ORD	14:51	14:36	Daily	2763
4	EKI	ORD	17:25	17:10	X6	2765
4	EKI	ORD	20:36	20:25	X6	2767
4	ORD	FWA	08:00	09:40	X567	2640
4	ORD	FWA	10:00	11:50	X6	2642
4	ORD	FWA	12:45	14:25	X7	2644
4	ORD	FWA	15:10	16:50	X6	2648
4	ORD	FWA	17:35	19:25	X6	2650
4	ORD	FWA	19:05	20:45	Daily	2652
4	FWA	ORD	06:40	06:23	X567	2641
4	FWA	ORD	07:45	07:28	X67	2643
4	FWA	ORD	10:55	10:38	X6	2645
4	FWA	ORD	12:20	12:17	Daily	2647
4	FWA	ORD	14:56	14:39	Daily	2649
4	FWA	ORD	17:20	17:03	X6	2651
4	FWA	ORD	19:57	19:54	X6	2653
4	ORD	GRB	08:35	09:18	X67	2939
4	ORD	GRB	11:35	12:18	Daily	2933
4	ORD	GRB	12:55	13:38	X6	2941
4	ORD	GRB	15:50	16:33	Daily	2930
4	ORD	GRB	19:03	19:46	X6	2943
4	ORD	GRB	21:40	22:23	X6	2945
4	GRB	ORD	07:14	08:00	X67	2936
4	GRB	ORD	08:14	09:00	6	2938
4	GRB	ORD	11:05	11:51	X67	2940
4	GRB	ORD	15:23	16:09	X6	2942
5	ORD	AZO	08:15	09:57	X67	2714
5	ORD	AZO	10:25	12:00	X7	2728
5	ORD	AZO	12:28	14:10	X6	2720
5	ORD	AZO	12:50	14:32	6	2718
5	ORD	AZO	17:07	18:49	X6	2732
5	ORD	AZO	18:30	20:12	6	2730
5	ORD	AZO	18:50	20:32	X6	2722
5	AZO	ORD	07:10	06:58	X67	2715
5	AZO	ORD	09:10	08:58	6	2717
5	AZO	ORD	09:45	09:23	X56	2719
5	AZO	ORD	12:00	11:48	X67	2721
5	AZO	ORD	13:55	13:33	Daily	2731
5	AZO	ORD	16:20	16:08	X6	2723
5	AZO	ORD	16:30	16:18	6	2725
5	AZO	ORD	19:20	19:08	X6	2727
5	AZO	ORD	20:55	20:43	5	2735
5	ORD	LSE	09:10	10:30	X67	2819
5	ORD	LSE	13:15	14:35	X6	2821
5	LSE	ORD	11:40	12:55	X67	2820
5	LSE	ORD	15:05	16:20	X6	2822
5	ORD	LNK	14:15	15:39	X6	2803
5	ORD	LNK	17:30	18:54	X6	2807
5	LNK	ORD	06:43	08:00	X7	2800
5	LNK	ORD	17:30	18:47	X6	2804
5	ORD	MSN	07:33	08:19	X67	2841
5	ORD	MSN	10:00	10:46	Daily	2845
5	ORD	MSN	12:40	13:26	Daily	2847
5	ORD	MSN	15:35	16:21	Daily	2851
5	ORD	MSN	16:35	17:21	Daily	2853
5	ORD	MSN	18:30	19:16	Daily	2855
5	ORD	MSN	19:51	20:37	X6	2859
5	MSN	ORD	06:27	07:09	X7	2840
5	MSN	ORD	08:43	09:25	X6	2842
5	MSN	ORD	11:12	11:54	Daily	2844
5	MSN	ORD	13:54	14:36	Daily	2848
5	MSN	ORD	16:52	17:37	Daily	2850
5	MSN	ORD	17:50	18:35	Daily	2852
5	MSN	ORD	19:41	20:26	X6	2854
5	ORD	MKE	07:40	08:12	X567	2949
5	ORD	MKE	09:00	09:35	Daily	2951
5	ORD	MKE	09:55	10:27	Daily	2955
5	ORD	MKE	12:05	12:37	X6	2959
5	ORD	MKE	14:00	14:32	X6	2963
5	ORD	MKE	15:00	15:32	Daily	2967
5	ORD	MKE	17:30	18:03	Daily	2973
5	ORD	MKE	19:05	19:37	Daily	2975
5	ORD	MKE	19:52	20:25	X6	2977
5	MKE	ORD	07:02	07:35	X567	2946
5	MKE	ORD	08:36	09:09	Daily	2948
5	MKE	ORD	10:03	10:39	X6	2952
5	MKE	ORD	11:00	11:33	67	2954
5	MKE	ORD	11:52	12:28	6	2956
5	MKE	ORD	12:32	13:05	X67	2960
5	MKE	ORD	14:32	15:05	X6	2964
5	MKE	ORD	15:22	15:55	X6	2966
5	MKE	ORD	17:30	18:03	Daily	2968
5	MKE	ORD	18:38	19:10	Daily	2972
5	MKE	ORD	20:50	21:24	X6	2976
5	ORD	MLI	07:55	08:36	X567	2861
5	ORD	MLI	10:20	11:01	6	2885
5	ORD	MLI	10:20	11:01	X67	2865
5	ORD	MLI	12:50	13:41	6	2881
5	ORD	MLI	12:51	13:32	X6	2867
5	ORD	MLI	14:06	14:56	Daily	2871
5	ORD	MLI	16:15	16:56	Daily	2873
5	ORD	MLI	18:10	18:51	X6	2875
5	ORD	MLI	19:30	20:21	Daily	2877
5	ORD	MLI	20:50	21:45	X6	2879
5	MLI	ORD	06:00	06:57	X67	2860
5	MLI	ORD	06:30	07:21	X67	2862
5	MLI	ORD	07:34	08:25	Daily	2864
5	MLI	ORD	09:05	09:43	X567	2866
5	MLI	ORD	11:30	12:08	Daily	2868
5	MLI	ORD	13:58	14:36	X6	2870
5	MLI	ORD	14:10	15:01	6	2880
5	MLI	ORD	15:54	16:45	X6	2872
5	MLI	ORD	17:25	18:03	Daily	2874
5	MLI	ORD	19:20	19:58	X6	2876
6	ORD	OSH	07:10	08:07	X567	2947
6	ORD	OSH	16:56	17:53	X6	2981
6	OSH	ORD	08:30	09:25	X567	2950
6	OSH	ORD	18:20	19:15	X6	2982
6	ORD	PIA	07:30	08:26	X67	2910
6	ORD	PIA	09:50	10:46	X67	2912
6	ORD	PIA	14:00	14:56	X6	2918
6	ORD	PIA	14:50	15:46	6	2904
6	ORD	PIA	18:50	19:46	X6	2920
6	PIA	ORD	07:07	08:00	X7	2901
6	PIA	ORD	10:10	11:03	X67	2911
6	PIA	ORD	12:27	13:20	X67	2917
6	PIA	ORD	16:44	17:37	X6	2921
6	ORD	SBN	07:25	08:58	X7	2674
6	ORD	SBN	08:33	10:06	X67	2676
6	ORD	SBN	09:50	11:23	Daily	2678
6	ORD	SBN	11:05	12:39	X67	2680
6	ORD	SBN	12:51	14:25	Daily	2682
6	ORD	SBN	14:57	16:31	Daily	2684
6	ORD	SBN	16:00	17:34	X6	2686
6	ORD	SBN	17:15	18:49	Daily	2688
6	ORD	SBN	18:20	19:54	X6	2690
6	ORD	SBN	20:30	22:00	X6	2692
6	ORD	SBN	21:35	23:08	X6	2694
6	SBN	ORD	07:20	06:58	X7	2677
6	SBN	ORD	09:31	09:09	X7	2679
6	SBN	ORD	10:32	10:10	X67	2681
6	SBN	ORD	12:00	11:38	X6	2683
6	SBN	ORD	13:10	12:49	X67	2685
6	SBN	ORD	14:50	14:29	Daily	2687
6	SBN	ORD	17:00	16:39	Daily	2689
6	SBN	ORD	18:05	17:44	X6	2691
6	SBN	ORD	19:16	18:55	X6	2693
6	SBN	ORD	20:20	19:59	X6	2695
6	ORD	TOL	06:50	08:40	X567	2700
6	ORD	TOL	09:00	10:50	X67	2702
6	ORD	TOL	09:05	11:08	6	2712
6	ORD	TOL	12:20	14:10	X6	2704
6	ORD	TOL	15:00	16:50	X6	2706
6	ORD	TOL	17:35	19:25	X6	2708
6	ORD	TOL	20:20	22:10	X6	2710
6	TOL	ORD	07:45	07:37	X7	2701
6	TOL	ORD	11:18	11:10	X67	2703
6	TOL	ORD	14:38	14:30	X6	2705
6	TOL	ORD	17:20	17:12	X6	2707
6	TOL	ORD	19:55	19:47	X6	2709
6	MLI	DBQ	06:23	06:53	X7	2830
7	DBQ	ALO	09:30	10:03	X67	2829
7	DBQ	ALO	12:45	13:21	Daily	2833
7	DBQ	ALO	15:10	15:46	X6	2835
7	ALO	DBQ	10:30	11:01	X67	2832
7	ALO	DBQ	13:55	14:28	Daily	2834
7	ALO	DBQ	16:15	16:48	X6	2836
7	EKI	FWA	22:36	23:02	X6	2768
7	FWA	EKI	06:47	07:14	X67	2755
7	ORD	FNT	19:40	21:44	X6	2734
7	FNT	ORD	07:25	07:38	X67	2729
7	FNT	AZO	08:20	08:58	6	2717
7	FNT	AZO	11:10	11:48	X67	2721
7	FNT	AZO	13:10	13:40	Daily	2731
7	FNT	AZO	15:27	16:05	X6	2723
7	AZO	FNT	10:10	10:46	X67	2714
7	AZO	FNT	12:15	12:45	Daily	2728
7	AZO	FNT	14:24	15:00	X6	2720
7	AZO	FNT	20:25	21:01	6	2730
8	FWA	SBN	06:34	07:05	X7	2677
8	SBN	FWA	11:35	11:59	6	2678
8	SBN	FWA	19:00	19:29	6	2688
8	SBN	FWA	22:15	22:39	X6	2692
8	SBN	FWA	23:16	23:45	X6	2694
8	GRI	LNK	06:04	06:29	X7	2800
8	GRI	LNK	16:50	17:15	X6	2804
8	LNK	GRI	15:53	16:20	X6	2803
8	LNK	GRI	19:10	19:37	X6	2807
8	GRB	CWA	09:33	09:58	X67	2939
8	GRB	CWA	13:53	14:18	X6	2941
8	GRB	CWA	20:00	20:25	X6	2943
8	CWA	GRB	06:35	07:00	X67	2936
8	CWA	GRB	07:35	08:00	6	2938
8	CWA	GRB	10:25	10:50	X67	2940
8	CWA	GRB	14:43	15:08	X6	2942
9	AZO	TOL	14:45	15:19	6	2718
9	TOL	AZO	09:05	09:33	X56	2719
9	TOL	AZO	15:45	16:20	6	2725
9	MKE	OSH	09:45	10:21	6	2951
9	MKE	OSH	10:40	11:12	X67	2955
9	MKE	OSH	12:50	13:23	X6	2959
9	MKE	OSH	15:45	16:18	Daily	2967
9	MKE	OSH	19:50	20:23	Daily	2975
9	OSH	MKE	06:22	06:52	X567	2946
9	OSH	MKE	07:55	08:25	567	2948
9	OSH	MKE	11:05	11:38	6	2956
9	OSH	MKE	11:50	12:20	X67	2960
9	OSH	MKE	13:50	14:20	X6	2964
9	OSH	MKE	16:45	17:15	Daily	2968
11	PIA	SPI	08:40	09:05	X67	2910
11	PIA	SPI	10:58	11:23	X67	2912
11	PIA	SPI	15:06	15:31	X6	2918
11	PIA	SPI	19:55	20:20	X6	2920
12	SPI	PIA	06:28	06:54	X7	2901
12	SPI	PIA	09:30	09:56	X67	2911
12	SPI	PIA	11:50	12:16	X67	2917
12	SPI	PIA	16:05	16:31	X6	2921
