id	airline	flight	origin	destination	departure	arrival	arrival_day_offset	days	valid_from	valid_to	review_status	service_group	leg_index	service_day_offset	source	page
air-uk-602-ABZ-SVG-0850	air-uk	602	ABZ	SVG	08:50	11:20	0	1,3,5	1986-02-26	1986-03-01	reviewed	air-uk-602	1	0	air-uk-19851027-issue1	printed 4,21
air-uk-601-SVG-ABZ-1650	air-uk	601	SVG	ABZ	16:50	17:20	0	1,3,5	1986-02-26	1986-03-01	reviewed	air-uk-601	2	0	air-uk-19851027-issue1	printed 4,21
sas-532-ABZ-SVG-1315	sas	532	ABZ	SVG	13:15	15:15	0	1,3,5	1986-02-26	1986-03-01	reviewed	sas-532	1	0	air-uk-19851027-issue1	printed 4,21
sas-534-ABZ-SVG-1315	sas	534	ABZ	SVG	13:15	15:15	0	2,4,6	1986-02-26	1986-03-01	reviewed	sas-534	1	0	air-uk-19851027-issue1	printed 4,21
sas-531-SVG-ABZ-1225	sas	531	SVG	ABZ	12:25	12:25	0	1,3,5	1986-02-26	1986-03-01	reviewed	sas-531	1	0	air-uk-19851027-issue1	printed 4,21
sas-533-SVG-ABZ-1225	sas	533	SVG	ABZ	12:25	12:25	0	2,4,6	1986-02-26	1986-03-01	reviewed	sas-533	1	0	air-uk-19851027-issue1	printed 4,21
air-uk-621-EBJ-HUY-1510	air-uk	621	EBJ	HUY	15:10	16:10	0	1,2,3,4,5	1986-02-26	1986-03-01	reviewed	air-uk-621	1	0	air-uk-19851027-issue1	printed 10,13
air-uk-660-NCL-CPH-1130	air-uk	660	NCL	CPH	11:30	14:55	0	1,2,3,4,5	1986-02-26	1986-03-01	reviewed	air-uk-660	3	0	air-uk-19851027-issue1	printed 8
air-uk-661-CPH-NCL-1525	air-uk	661	CPH	NCL	15:25	17:00	0	1,2,3,4,5	1986-02-26	1986-03-01	reviewed	air-uk-661	1	0	air-uk-19851027-issue1	printed 8
air-business-163-EBJ-AAR-1510	air-business	163	EBJ	AAR	15:10	15:50	0	1,2,3,4,5	1986-02-26	1986-03-01	reviewed	air-business-163	1	0	air-uk-19851027-issue1	printed 10
air-uk-201-ABZ-EDI-0650	air-uk	201	ABZ	EDI	06:50	07:30	0	1,2,3,4,5	1986-02-26	1986-03-01	reviewed	air-uk-201	1	0	air-uk-19851027-issue1	printed 4,9
air-uk-201-EDI-HUY-0740	air-uk	201	EDI	HUY	07:40	08:45	0	1,2,3,4,5	1986-02-26	1986-03-01	reviewed	air-uk-201	2	0	air-uk-19851027-issue1	printed 9,13
air-uk-201-HUY-NWI-0855	air-uk	201	HUY	NWI	08:55	09:30	0	1,2,3,4,5	1986-02-26	1986-03-01	reviewed	air-uk-201	3	0	air-uk-19851027-issue1	printed 13,18
air-uk-202-NWI-HUY-0705	air-uk	202	NWI	HUY	07:05	07:40	0	1,2,3,4,5	1986-02-26	1986-03-01	reviewed	air-uk-202	1	0	air-uk-19851027-issue1	printed 13,18
air-uk-202-HUY-EDI-0750	air-uk	202	HUY	EDI	07:50	08:55	0	1,2,3,4,5	1986-02-26	1986-03-01	reviewed	air-uk-202	2	0	air-uk-19851027-issue1	printed 9,13
air-uk-202-EDI-ABZ-0905	air-uk	202	EDI	ABZ	09:05	09:45	0	1,2,3,4,5	1986-02-26	1986-03-01	reviewed	air-uk-202	3	0	air-uk-19851027-issue1	printed 4,9
air-uk-209-ABZ-EDI-1800	air-uk	209	ABZ	EDI	18:00	18:40	0	1,2,3,4,5	1986-02-26	1986-03-01	reviewed	air-uk-209	1	0	air-uk-19851027-issue1	printed 4,9
air-uk-209-EDI-HUY-1850	air-uk	209	EDI	HUY	18:50	19:55	0	1,2,3,4,5	1986-02-26	1986-03-01	reviewed	air-uk-209	2	0	air-uk-19851027-issue1	printed 9,13
air-uk-209-HUY-NWI-2005	air-uk	209	HUY	NWI	20:05	20:40	0	1,2,3,4,5	1986-02-26	1986-03-01	reviewed	air-uk-209	3	0	air-uk-19851027-issue1	printed 13,18
air-uk-210-NWI-HUY-1820	air-uk	210	NWI	HUY	18:20	18:55	0	1,2,3,4,5	1986-02-26	1986-03-01	reviewed	air-uk-210	1	0	air-uk-19851027-issue1	printed 13,18
air-uk-210-HUY-EDI-1905	air-uk	210	HUY	EDI	19:05	20:10	0	1,2,3,4,5	1986-02-26	1986-03-01	reviewed	air-uk-210	2	0	air-uk-19851027-issue1	printed 9,13
air-uk-210-EDI-ABZ-2020	air-uk	210	EDI	ABZ	20:20	21:00	0	1,2,3,4,5	1986-02-26	1986-03-01	reviewed	air-uk-210	3	0	air-uk-19851027-issue1	printed 4,9
air-uk-207-ABZ-NCL-1635	air-uk	207	ABZ	NCL	16:35	17:25	0	1,2,3,4,5	1986-02-26	1986-03-01	reviewed	air-uk-207	1	0	air-uk-19851027-issue1	printed 4
air-uk-211-ABZ-NCL-1905	air-uk	211	ABZ	NCL	19:05	19:55	0	1,2,3,4,5	1986-02-26	1986-03-01	reviewed	air-uk-211	1	0	air-uk-19851027-issue1	printed 4
air-uk-200-NCL-ABZ-0730	air-uk	200	NCL	ABZ	07:30	08:20	0	1,2,3,4,5	1986-02-26	1986-03-01	reviewed	air-uk-200	2	0	air-uk-19851027-issue1	printed 4
air-uk-208-NCL-ABZ-1750	air-uk	208	NCL	ABZ	17:50	18:40	0	1,2,3,4,5	1986-02-26	1986-03-01	reviewed	air-uk-208	1	0	air-uk-19851027-issue1	printed 4
air-uk-552-ABZ-NWI-1255	air-uk	552	ABZ	NWI	12:55	14:35	0	1,2,3,4,5	1986-02-26	1986-03-01	reviewed	air-uk-552	1	0	air-uk-19851027-issue1	printed 4,18
air-uk-552-NWI-AMS-1500	air-uk	552	NWI	AMS	15:00	16:55	0	1,2,3,4,5	1986-02-26	1986-03-01	reviewed	air-uk-552	2	0	air-uk-19851027-issue1	printed 6,18
air-uk-553-AMS-NWI-1410	air-uk	553	AMS	NWI	14:10	14:05	0	1,2,3,4,5	1986-02-26	1986-03-01	reviewed	air-uk-553	1	0	air-uk-19851027-issue1	printed 6,18
air-uk-553-NWI-ABZ-1430	air-uk	553	NWI	ABZ	14:30	16:10	0	1,2,3,4,5	1986-02-26	1986-03-01	reviewed	air-uk-553	2	0	air-uk-19851027-issue1	printed 4,18
air-uk-204-NWI-MME-0955	air-uk	204	NWI	MME	09:55	10:50	0	1,2,3,4,5	1986-02-26	1986-03-01	reviewed	air-uk-204	1	0	air-uk-19851027-issue1	printed 19,21
air-uk-204-MME-ABZ-1100	air-uk	204	MME	ABZ	11:00	12:00	0	1,2,3,4,5	1986-02-26	1986-03-01	reviewed	air-uk-204	2	0	air-uk-19851027-issue1	printed 5,21
air-uk-205-ABZ-MME-1520	air-uk	205	ABZ	MME	15:20	16:20	0	1,2,3,4,5	1986-02-26	1986-03-01	reviewed	air-uk-205	1	0	air-uk-19851027-issue1	printed 5,21
air-uk-205-MME-NWI-1630	air-uk	205	MME	NWI	16:30	17:25	0	1,2,3,4,5	1986-02-26	1986-03-01	reviewed	air-uk-205	2	0	air-uk-19851027-issue1	printed 19,21
air-uk-100-NWI-AMS-0710	air-uk	100	NWI	AMS	07:10	09:05	0	1,2,3,4,5,6	1986-02-26	1986-03-01	reviewed	air-uk-100	1	0	air-uk-19851027-issue1	printed 6,18
air-uk-102-NWI-AMS-1005	air-uk	102	NWI	AMS	10:05	12:00	0	1,2,3,4,5	1986-02-26	1986-03-01	reviewed	air-uk-102	1	0	air-uk-19851027-issue1	printed 6,18
air-uk-106-NWI-AMS-1805	air-uk	106	NWI	AMS	18:05	20:00	0	1,2,3,4,5,6,7	1986-02-26	1986-03-01	reviewed	air-uk-106	1	0	air-uk-19851027-issue1	printed 6,18
air-uk-101-AMS-NWI-0940	air-uk	101	AMS	NWI	09:40	09:35	0	1,2,3,4,5,6	1986-02-26	1986-03-01	reviewed	air-uk-101	1	0	air-uk-19851027-issue1	printed 6,18
air-uk-105-AMS-NWI-1740	air-uk	105	AMS	NWI	17:40	17:35	0	1,2,3,4,5	1986-02-26	1986-03-01	reviewed	air-uk-105	1	0	air-uk-19851027-issue1	printed 6,18
air-uk-107-AMS-NWI-2030	air-uk	107	AMS	NWI	20:30	20:25	0	1,2,3,4,5,6,7	1986-02-26	1986-03-01	reviewed	air-uk-107	1	0	air-uk-19851027-issue1	printed 6,18
air-uk-824-HUY-AMS-0740	air-uk	824	HUY	AMS	07:40	09:50	0	1,2,3,4,5,6	1986-02-26	1986-03-01	reviewed	air-uk-824	2	0	air-uk-19851027-issue1	printed 5,13
air-uk-825-AMS-HUY-1015	air-uk	825	AMS	HUY	10:15	10:25	0	1,2,3,4,5,6	1986-02-26	1986-03-01	reviewed	air-uk-825	1	0	air-uk-19851027-issue1	printed 5,13
air-uk-826-HUY-AMS-1315	air-uk	826	HUY	AMS	13:15	15:25	0	1,2,3,4,5	1986-02-26	1986-03-01	reviewed	air-uk-826	2	0	air-uk-19851027-issue1	printed 5,13
air-uk-827-AMS-HUY-1600	air-uk	827	AMS	HUY	16:00	16:10	0	1,2,3,4,5	1986-02-26	1986-03-01	reviewed	air-uk-827	1	0	air-uk-19851027-issue1	printed 5,13
air-uk-828-HUY-AMS-1755	air-uk	828	HUY	AMS	17:55	20:05	0	1,2,3,4,5,7	1986-02-26	1986-03-01	reviewed	air-uk-828	2	0	air-uk-19851027-issue1	printed 5,13
air-uk-829-AMS-HUY-2030	air-uk	829	AMS	HUY	20:30	20:40	0	1,2,3,4,5,7	1986-02-26	1986-03-01	reviewed	air-uk-829	1	0	air-uk-19851027-issue1	printed 5,13
air-uk-550-EDI-AMS-0750	air-uk	550	EDI	AMS	07:50	10:10	0	1,2,3,4,5,6	1986-02-26	1986-03-01	reviewed	air-uk-550	2	0	air-uk-19851027-issue1	printed 5,9
air-uk-551-AMS-EDI-1040	air-uk	551	AMS	EDI	10:40	11:00	0	1,2,3,4,5,6	1986-02-26	1986-03-01	reviewed	air-uk-551	1	0	air-uk-19851027-issue1	printed 5,9
air-uk-556-EDI-AMS-1720	air-uk	556	EDI	AMS	17:20	19:40	0	1,2,3,4,5,7	1986-02-26	1986-03-01	reviewed	air-uk-556	2	0	air-uk-19851027-issue1	printed 5,9
air-uk-557-AMS-EDI-2010	air-uk	557	AMS	EDI	20:10	20:30	0	1,2,3,4,5,7	1986-02-26	1986-03-01	reviewed	air-uk-557	1	0	air-uk-19851027-issue1	printed 5,9
air-uk-543-AMS-NCL-1030	air-uk	543	AMS	NCL	10:30	10:35	0	1,2,3,4,5,6	1986-02-26	1986-03-01	reviewed	air-uk-543	1	0	air-uk-19851027-issue1	printed 6
air-uk-545-AMS-NCL-1900	air-uk	545	AMS	NCL	19:00	19:05	0	1,2,3,4,5,7	1986-02-26	1986-03-01	reviewed	air-uk-545	1	0	air-uk-19851027-issue1	printed 6
air-uk-542-NCL-AMS-0755	air-uk	542	NCL	AMS	07:55	10:00	0	1,2,3,4,5,6	1986-02-26	1986-03-01	reviewed	air-uk-542	2	0	air-uk-19851027-issue1	printed 6
air-uk-544-NCL-AMS-1400	air-uk	544	NCL	AMS	14:00	16:05	0	1,2,3,4,5	1986-02-26	1986-03-01	reviewed	air-uk-544	2	0	air-uk-19851027-issue1	printed 6
klm-161-AMS-NCL-1310	klm	161	AMS	NCL	13:10	13:20	0	1,2,3,4,5,7	1986-02-26	1986-03-01	reviewed	klm-161	1	0	air-uk-19851027-issue1	printed 6
klm-162-NCL-AMS-1810	klm	162	NCL	AMS	18:10	20:15	0	1,2,3,4,5,7	1986-02-26	1986-03-01	reviewed	klm-162	2	0	air-uk-19851027-issue1	printed 6
air-uk-582-BFS-LBA-0835	air-uk	582	BFS	LBA	08:35	09:50	0	1,2,3,4,5	1986-02-26	1986-03-01	reviewed	air-uk-582	1	0	air-uk-19851027-issue1	printed 7,14
air-uk-584-BFS-LBA-0935	air-uk	584	BFS	LBA	09:35	10:50	0	6	1986-02-26	1986-03-01	reviewed	air-uk-584	1	0	air-uk-19851027-issue1	printed 7,14
air-uk-590-BFS-LBA-1300	air-uk	590	BFS	LBA	13:00	14:15	0	1,2,3,4,5	1986-02-26	1986-03-01	reviewed	air-uk-590	1	0	air-uk-19851027-issue1	printed 7,14
air-uk-586-BFS-LBA-1635	air-uk	586	BFS	LBA	16:35	17:50	0	1,2,3,4,5	1986-02-26	1986-03-01	reviewed	air-uk-586	1	0	air-uk-19851027-issue1	printed 7,14
air-uk-588-BFS-LBA-1950	air-uk	588	BFS	LBA	19:50	21:05	0	1,2,3,4,5,7	1986-02-26	1986-03-01	reviewed	air-uk-588	1	0	air-uk-19851027-issue1	printed 7,14
air-uk-581-LBA-BFS-0700	air-uk	581	LBA	BFS	07:00	08:15	0	1,2,3,4,5	1986-02-26	1986-03-01	reviewed	air-uk-581	1	0	air-uk-19851027-issue1	printed 7,14
air-uk-583-LBA-BFS-0800	air-uk	583	LBA	BFS	08:00	09:15	0	6	1986-02-26	1986-03-01	reviewed	air-uk-583	1	0	air-uk-19851027-issue1	printed 7,14
air-uk-589-LBA-BFS-1020	air-uk	589	LBA	BFS	10:20	11:35	0	1,2,3,4,5	1986-02-26	1986-03-01	reviewed	air-uk-589	1	0	air-uk-19851027-issue1	printed 7,14
air-uk-585-LBA-BFS-1450	air-uk	585	LBA	BFS	14:50	16:05	0	1,2,3,4,5	1986-02-26	1986-03-01	reviewed	air-uk-585	1	0	air-uk-19851027-issue1	printed 7,14
air-uk-587-LBA-BFS-1815	air-uk	587	LBA	BFS	18:15	19:30	0	1,2,3,4,5,7	1986-02-26	1986-03-01	reviewed	air-uk-587	1	0	air-uk-19851027-issue1	printed 7,14
air-uk-660-EDI-LBA-0930	air-uk	660	EDI	LBA	09:30	10:25	0	1,2,3,4,5	1986-02-26	1986-03-01	reviewed	air-uk-660	1	0	air-uk-19851027-issue1	printed 9,14
air-uk-217-EDI-LBA-1930	air-uk	217	EDI	LBA	19:30	20:25	0	1,2,3,4,5	1986-02-26	1986-03-01	reviewed	air-uk-217	1	0	air-uk-19851027-issue1	printed 9,14
air-uk-214-LBA-EDI-0800	air-uk	214	LBA	EDI	08:00	08:55	0	1,2,3,4,5	1986-02-26	1986-03-01	reviewed	air-uk-214	2	0	air-uk-19851027-issue1	printed 9,14
air-uk-212-LBA-EDI-1105	air-uk	212	LBA	EDI	11:05	12:00	0	1,2,3,4,5	1986-02-26	1986-03-01	reviewed	air-uk-212	1	0	air-uk-19851027-issue1	printed 14
air-uk-661-LBA-EDI-1810	air-uk	661	LBA	EDI	18:10	19:05	0	1,2,3,4,5	1986-02-26	1986-03-01	reviewed	air-uk-661	3	0	air-uk-19851027-issue1	printed 9,14
air-uk-052-HUY-NWI-0650	air-uk	052	HUY	NWI	06:50	07:25	0	1,2,3,4,5,6	1986-02-26	1986-03-01	reviewed	air-uk-052	1	0	air-uk-19851027-issue1	printed 13,18
air-uk-052-NWI-LHR-0735	air-uk	052	NWI	LHR	07:35	08:25	0	1,2,3,4,5,6	1986-02-26	1986-03-01	reviewed	air-uk-052	2	0	air-uk-19851027-issue1	printed 15,19
air-uk-053-LHR-NWI-0915	air-uk	053	LHR	NWI	09:15	10:05	0	1,2,3,4,5,6	1986-02-26	1986-03-01	reviewed	air-uk-053	1	0	air-uk-19851027-issue1	printed 15,19
air-uk-053-NWI-HUY-1015	air-uk	053	NWI	HUY	10:15	10:50	0	1,2,3,4,5,6	1986-02-26	1986-03-01	reviewed	air-uk-053	2	0	air-uk-19851027-issue1	printed 13,18
air-uk-056-HUY-NWI-1645	air-uk	056	HUY	NWI	16:45	17:20	0	1,2,3,4,5,7	1986-02-26	1986-03-01	reviewed	air-uk-056	1	0	air-uk-19851027-issue1	printed 13,18
air-uk-056-NWI-LHR-1730	air-uk	056	NWI	LHR	17:30	18:20	0	1,2,3,4,5,7	1986-02-26	1986-03-01	reviewed	air-uk-056	2	0	air-uk-19851027-issue1	printed 15,19
air-uk-057-LHR-NWI-1855	air-uk	057	LHR	NWI	18:55	19:45	0	1,2,3,4,5,7	1986-02-26	1986-03-01	reviewed	air-uk-057	1	0	air-uk-19851027-issue1	printed 15,19
air-uk-057-NWI-HUY-1955	air-uk	057	NWI	HUY	19:55	20:30	0	1,2,3,4,5,7	1986-02-26	1986-03-01	reviewed	air-uk-057	2	0	air-uk-19851027-issue1	printed 13,18
air-uk-791-LBA-CDG-0820	air-uk	791	LBA	CDG	08:20	11:15	0	1,2,3,4,5	1986-02-26	1986-03-01	reviewed	air-uk-791	2	0	air-uk-19851027-issue1	printed 15,19
air-uk-794-CDG-LBA-1925	air-uk	794	CDG	LBA	19:25	20:25	0	1,2,3,4,5	1986-02-26	1986-03-01	reviewed	air-uk-794	1	0	air-uk-19851027-issue1	printed 15,19
air-uk-723-NCL-CDG-1530	air-uk	723	NCL	CDG	15:30	18:55	0	1,2,3,4,5	1986-02-26	1986-03-01	reviewed	air-uk-723	2	0	air-uk-19851027-issue1	printed 18,19
air-uk-722-CDG-NCL-1150	air-uk	722	CDG	NCL	11:50	13:15	0	1,2,3,4,5	1986-02-26	1986-03-01	reviewed	air-uk-722	1	0	air-uk-19851027-issue1	printed 18,19
