source_row	schedule	action	airline	flight	origin	destination	printed_departure	printed_arrival	departure_local	arrival_local	arrival_day_offset	printed_frequency	decoded_days	printed_stops_or_via	printed_page	printed_misc_symbol	footnote	source	source_effective_from	source_effective_to	import_valid_from	import_valid_to	decision_note
1		excluded_through_stops	atlantic-southeast	1210	ATL	ANB	900a	910a	09:00	09:10	0	X7	123456	1	14	triangle		delta-19860201	1986-02-01				Through service with one or more stops; not imported as a nonstop physical leg.
2	atlantic-southeast-1211-ATL-ANB-1425-b99	new_schedule	atlantic-southeast	1211	ATL	ANB	225p	210p	14:25	14:10	0	D	1234567	0	14	triangle		delta-19860201	1986-02-01		1986-02-27	1986-03-01	Individually printed nonstop row; no dated footnote. Weekdays belong to this physical leg.
3	atlantic-southeast-1212-ATL-ANB-2125-b99	new_schedule	atlantic-southeast	1212	ATL	ANB	925p	910p	21:25	21:10	0	D	1234567	0	14	triangle		delta-19860201	1986-02-01		1986-02-27	1986-03-01	Individually printed nonstop row; no dated footnote. Weekdays belong to this physical leg.
4	atlantic-southeast-1209-ANB-ATL-0600-b99	new_schedule	atlantic-southeast	1209	ANB	ATL	600a	745a	06:00	07:45	0	X7	123456	0	11	triangle		delta-19860201	1986-02-01		1986-02-27	1986-03-01	Individually printed nonstop row; no dated footnote. Weekdays belong to this physical leg.
5	atlantic-southeast-1210-ANB-ATL-0925-b99	new_schedule	atlantic-southeast	1210	ANB	ATL	925a	1110a	09:25	11:10	0	D	1234567	0	11	triangle		delta-19860201	1986-02-01		1986-02-27	1986-03-01	Individually printed nonstop row; no dated footnote. Weekdays belong to this physical leg.
6	atlantic-southeast-1211-ANB-ATL-1425-b99	new_schedule	atlantic-southeast	1211	ANB	ATL	225p	410p	14:25	16:10	0	D	1234567	0	11	triangle		delta-19860201	1986-02-01		1986-02-27	1986-03-01	Individually printed nonstop row; no dated footnote. Weekdays belong to this physical leg.
7	atlantic-southeast-1210-ATL-GAD-0900-b99	new_schedule	atlantic-southeast	1210	ATL	GAD	900a	845a	09:00	08:45	0	X7	123456	0	15	triangle		delta-19860201	1986-02-01		1986-02-27	1986-03-01	Individually printed nonstop row; no dated footnote. Weekdays belong to this physical leg.
8	atlantic-southeast-1472-ATL-GAD-2050-b99	new_schedule	atlantic-southeast	1472	ATL	GAD	850p	835p	20:50	20:35	0	X6	123457	0	15	triangle		delta-19860201	1986-02-01		1986-02-27	1986-03-01	Individually printed nonstop row; no dated footnote. Weekdays belong to this physical leg.
9	atlantic-southeast-1210-GAD-ANB-0850-b99	new_schedule	atlantic-southeast	1210	GAD	ANB	850a	910a	08:50	09:10	0	X7	123456	0	91	triangle		delta-19860201	1986-02-01		1986-02-27	1986-03-01	Individually printed nonstop row; no dated footnote. Weekdays belong to this physical leg.
10	atlantic-southeast-1466-GAD-ATL-0745-b99	new_schedule	atlantic-southeast	1466	GAD	ATL	745a	930a	07:45	09:30	0	X7	123456	0	91	triangle		delta-19860201	1986-02-01		1986-02-27	1986-03-01	Individually printed nonstop row; no dated footnote. Weekdays belong to this physical leg.
11		excluded_through_stops	atlantic-southeast	1210	GAD	ATL	850a	1110a	08:50	11:10	0	X7	123456	1	91	triangle		delta-19860201	1986-02-01				Through service with one or more stops; not imported as a nonstop physical leg.
12	atlantic-southeast-1469-GAD-ATL-1755-b99	new_schedule	atlantic-southeast	1469	GAD	ATL	555p	740p	17:55	19:40	0	X6	123457	0	91	triangle		delta-19860201	1986-02-01		1986-02-27	1986-03-01	Individually printed nonstop row; no dated footnote. Weekdays belong to this physical leg.
13		excluded_connection	connection	318/1637	ATL	ROA	646a	1040a	06:46	10:40	0	X7	123456	CVG	17	triangle		delta-19860201	1986-02-01				Connecting itinerary; not imported as a direct physical leg.
14	atlantic-southeast-1509-ATL-ROA-1030-b99	new_schedule	atlantic-southeast	1509	ATL	ROA	1030a	1201p	10:30	12:01	0	X7	123456	0	17	triangle		delta-19860201	1986-02-01		1986-02-27	1986-03-01	Individually printed nonstop row; no dated footnote. Weekdays belong to this physical leg.
15	atlantic-southeast-1510-ATL-ROA-1430-b99	new_schedule	atlantic-southeast	1510	ATL	ROA	230p	400p	14:30	16:00	0	D	1234567	0	17	triangle		delta-19860201	1986-02-01		1986-02-27	1986-03-01	Individually printed nonstop row; no dated footnote. Weekdays belong to this physical leg.
16		excluded_connection	connection	324/1660	ATL	ROA	450p	745p	16:50	19:45	0	X6	123457	CVG	17	triangle		delta-19860201	1986-02-01				Connecting itinerary; not imported as a direct physical leg.
17	atlantic-southeast-1511-ATL-ROA-1845-b99	new_schedule	atlantic-southeast	1511	ATL	ROA	645p	815p	18:45	20:15	0	D	1234567	0	17	triangle		delta-19860201	1986-02-01		1986-02-27	1986-03-01	Individually printed nonstop row; no dated footnote. Weekdays belong to this physical leg.
18	atlantic-southeast-1512-ATL-ROA-2255-b99	new_schedule	atlantic-southeast	1512	ATL	ROA	1055p	1225a	22:55	00:25	1	X6	123457	0	17	triangle		delta-19860201	1986-02-01		1986-02-27	1986-03-01	Individually printed nonstop row; no dated footnote. Weekdays belong to this physical leg.
19	atlantic-southeast-1508-ROA-ATL-0800-b99	new_schedule	atlantic-southeast	1508	ROA	ATL	800a	930a	08:00	09:30	0	X7	123456	0	204	triangle		delta-19860201	1986-02-01		1986-02-27	1986-03-01	Individually printed nonstop row; no dated footnote. Weekdays belong to this physical leg.
20	atlantic-southeast-1509-ROA-ATL-1230-b99	new_schedule	atlantic-southeast	1509	ROA	ATL	1230p	200p	12:30	14:00	0	D	1234567	0	204	triangle		delta-19860201	1986-02-01		1986-02-27	1986-03-01	Individually printed nonstop row; no dated footnote. Weekdays belong to this physical leg.
21		excluded_connection	connection	1593/475	ROA	ATL	120p	541p	13:20	17:41	0	X7	123456	CVG	204	triangle		delta-19860201	1986-02-01				Connecting itinerary; not imported as a direct physical leg.
22	atlantic-southeast-1510-ROA-ATL-1625-b99	new_schedule	atlantic-southeast	1510	ROA	ATL	425p	555p	16:25	17:55	0	D	1234567	0	204	triangle		delta-19860201	1986-02-01		1986-02-27	1986-03-01	Individually printed nonstop row; no dated footnote. Weekdays belong to this physical leg.
23	atlantic-southeast-1511-ROA-ATL-2040-b99	new_schedule	atlantic-southeast	1511	ROA	ATL	840p	1010p	20:40	22:10	0	X6	123457	0	204	triangle		delta-19860201	1986-02-01		1986-02-27	1986-03-01	Individually printed nonstop row; no dated footnote. Weekdays belong to this physical leg.
24	atlantic-southeast-1496-ATL-TRI-0800-b99	new_schedule	atlantic-southeast	1496	ATL	TRI	800a	920a	08:00	09:20	0	X67	12345	0	17	triangle		delta-19860201	1986-02-01		1986-02-27	1986-03-01	Individually printed nonstop row; no dated footnote. Weekdays belong to this physical leg.
25	atlantic-southeast-1497-ATL-TRI-1147-b99	new_schedule	atlantic-southeast	1497	ATL	TRI	1147a	107p	11:47	13:07	0	D	1234567	0	17	triangle		delta-19860201	1986-02-01		1986-02-27	1986-03-01	Individually printed nonstop row; no dated footnote. Weekdays belong to this physical leg.
26	atlantic-southeast-1498-ATL-TRI-1850-b99	new_schedule	atlantic-southeast	1498	ATL	TRI	650p	810p	18:50	20:10	0	D	1234567	0	17	triangle		delta-19860201	1986-02-01		1986-02-27	1986-03-01	Individually printed nonstop row; no dated footnote. Weekdays belong to this physical leg.
27	atlantic-southeast-1499-ATL-TRI-2300-b99	new_schedule	atlantic-southeast	1499	ATL	TRI	1100p	1220a	23:00	00:20	1	X6	123457	0	17	triangle		delta-19860201	1986-02-01		1986-02-27	1986-03-01	Individually printed nonstop row; no dated footnote. Weekdays belong to this physical leg.
28	atlantic-southeast-1495-TRI-ATL-0800-b99	new_schedule	atlantic-southeast	1495	TRI	ATL	800a	920a	08:00	09:20	0	X7	123456	0	236	triangle		delta-19860201	1986-02-01		1986-02-27	1986-03-01	Individually printed nonstop row; no dated footnote. Weekdays belong to this physical leg.
29	atlantic-southeast-1496-TRI-ATL-0935-b99	new_schedule	atlantic-southeast	1496	TRI	ATL	935a	1055a	09:35	10:55	0	X6	123457	0	236	triangle		delta-19860201	1986-02-01		1986-02-27	1986-03-01	Individually printed nonstop row; no dated footnote. Weekdays belong to this physical leg.
30	atlantic-southeast-1497-TRI-ATL-1320-b99	new_schedule	atlantic-southeast	1497	TRI	ATL	120p	240p	13:20	14:40	0	D	1234567	0	236	triangle		delta-19860201	1986-02-01		1986-02-27	1986-03-01	Individually printed nonstop row; no dated footnote. Weekdays belong to this physical leg.
31	atlantic-southeast-1498-TRI-ATL-2030-b99	new_schedule	atlantic-southeast	1498	TRI	ATL	830p	950p	20:30	21:50	0	X6	123457	0	236	triangle		delta-19860201	1986-02-01		1986-02-27	1986-03-01	Individually printed nonstop row; no dated footnote. Weekdays belong to this physical leg.
32	atlantic-southeast-1486-ATL-TLH-0705-b99	new_schedule	atlantic-southeast	1486	ATL	TLH	705a	810a	07:05	08:10	0	X7	123456	0	17	triangle		delta-19860201	1986-02-01		1986-02-27	1986-03-01	Individually printed nonstop row; no dated footnote. Weekdays belong to this physical leg.
33	delta-1103-ATL-TLH-0840-b99	new_schedule	delta	1103	ATL	TLH	840a	930a	08:40	09:30	0	X67	12345	0	17			delta-19860201	1986-02-01		1986-02-27	1986-03-01	Individually printed nonstop row; no dated footnote. Weekdays belong to this physical leg.
34	atlantic-southeast-1487-ATL-TLH-1015-b99	new_schedule	atlantic-southeast	1487	ATL	TLH	1015a	1120a	10:15	11:20	0	D	1234567	0	17	triangle		delta-19860201	1986-02-01		1986-02-27	1986-03-01	Individually printed nonstop row; no dated footnote. Weekdays belong to this physical leg.
35	delta-311-ATL-TLH-1200-b99	new_schedule	delta	311	ATL	TLH	1200n	1250p	12:00	12:50	0	D	1234567	0	17			delta-19860201	1986-02-01		1986-02-27	1986-03-01	Individually printed nonstop row; no dated footnote. Weekdays belong to this physical leg.
36	atlantic-southeast-1488-ATL-TLH-1330-b99	new_schedule	atlantic-southeast	1488	ATL	TLH	130p	235p	13:30	14:35	0	D	1234567	0	17	triangle		delta-19860201	1986-02-01		1986-02-27	1986-03-01	Individually printed nonstop row; no dated footnote. Weekdays belong to this physical leg.
37	delta-904-ATL-TLH-1650-b99	new_schedule	delta	904	ATL	TLH	450p	540p	16:50	17:40	0	D	1234567	0	17			delta-19860201	1986-02-01		1986-02-27	1986-03-01	Individually printed nonstop row; no dated footnote. Weekdays belong to this physical leg.
38	atlantic-southeast-1489-ATL-TLH-1835-b99	new_schedule	atlantic-southeast	1489	ATL	TLH	635p	740p	18:35	19:40	0	X6	123457	0	17	triangle		delta-19860201	1986-02-01		1986-02-27	1986-03-01	Individually printed nonstop row; no dated footnote. Weekdays belong to this physical leg.
39	delta-648-ATL-TLH-2030-b99	new_schedule	delta	648	ATL	TLH	830p	920p	20:30	21:20	0	X6	123457	0	17			delta-19860201	1986-02-01		1986-02-27	1986-03-01	Individually printed nonstop row; no dated footnote. Weekdays belong to this physical leg.
40	delta-620-TLH-ATL-0700-b99	new_schedule	delta	620	TLH	ATL	700a	747a	07:00	07:47	0	X7	123456	0	227			delta-19860201	1986-02-01		1986-02-27	1986-03-01	Individually printed nonstop row; no dated footnote. Weekdays belong to this physical leg.
41	atlantic-southeast-1486-TLH-ATL-0830-b99	new_schedule	atlantic-southeast	1486	TLH	ATL	830a	935a	08:30	09:35	0	X7	123456	0	227	triangle		delta-19860201	1986-02-01		1986-02-27	1986-03-01	Individually printed nonstop row; no dated footnote. Weekdays belong to this physical leg.
42	delta-616-TLH-ATL-1015-b99	new_schedule	delta	616	TLH	ATL	1015a	1105a	10:15	11:05	0	X6	123457	0	227			delta-19860201	1986-02-01		1986-02-27	1986-03-01	Individually printed nonstop row; no dated footnote. Weekdays belong to this physical leg.
43	atlantic-southeast-1487-TLH-ATL-1140-b99	new_schedule	atlantic-southeast	1487	TLH	ATL	1140a	1245p	11:40	12:45	0	D	1234567	0	227	triangle		delta-19860201	1986-02-01		1986-02-27	1986-03-01	Individually printed nonstop row; no dated footnote. Weekdays belong to this physical leg.
44	delta-1178-TLH-ATL-1340-b99	new_schedule	delta	1178	TLH	ATL	140p	230p	13:40	14:30	0	D	1234567	0	227			delta-19860201	1986-02-01		1986-02-27	1986-03-01	Individually printed nonstop row; no dated footnote. Weekdays belong to this physical leg.
45	atlantic-southeast-1488-TLH-ATL-1455-b99	new_schedule	atlantic-southeast	1488	TLH	ATL	255p	400p	14:55	16:00	0	D	1234567	0	227	triangle		delta-19860201	1986-02-01		1986-02-27	1986-03-01	Individually printed nonstop row; no dated footnote. Weekdays belong to this physical leg.
46	delta-966-TLH-ATL-1830-b99	new_schedule	delta	966	TLH	ATL	630p	720p	18:30	19:20	0	X6	123457	0	227			delta-19860201	1986-02-01		1986-02-27	1986-03-01	Individually printed nonstop row; no dated footnote. Weekdays belong to this physical leg.
47	atlantic-southeast-1489-TLH-ATL-1955-b99	new_schedule	atlantic-southeast	1489	TLH	ATL	755p	900p	19:55	21:00	0	X6	123457	0	227	triangle		delta-19860201	1986-02-01		1986-02-27	1986-03-01	Individually printed nonstop row; no dated footnote. Weekdays belong to this physical leg.
