schedule	printed_code	source_airline	origin	destination	departure_local	arrival_local	arrival_day_offset	origin_utc_offset	destination_utc_offset	printed_days	days_in_import_window	printed_page	printed_stops	printed_aircraft	source	printed_valid_from	printed_valid_to	row_effective_from	import_valid_from	import_valid_to	leg_index	note
dan-air-081-ABZ-LGW-0730-b47	DA081	dan-air	ABZ	LGW	07:30	09:00	0	+00:00	+00:00	123456-	5,6	3	0	not specified	dan-air-19851027-system	1985-10-27	1986-03-30	1985-12-21	1986-02-28	1986-03-01	1	Dan-Air Winter 85/86, tryckt s. 3: DA081, dagar 123456-, Stops 0, lokal tid 07:30–09:00. Teckenförklaring s. 2: 1=måndag … 7=söndag; G=Gatwick, H=Heathrow. Utgåva 27 oktober 1985–30 mars 1986. Endast fredag/lördag i målintervallet; UTC+0 vid alla ändpunkter. Planerad trafik, inte belagt genomförande eller verklig flygbana. Tryckt rad gäller från 1985-12-21; den tidigare radvarianten importeras inte.
dan-air-083-ABZ-LGW-1200-b47	DA083	dan-air	ABZ	LGW	12:00	13:25	0	+00:00	+00:00	12345--	5	3	0	not specified	dan-air-19851027-system	1985-10-27	1986-03-30		1986-02-28	1986-03-01	1	Dan-Air Winter 85/86, tryckt s. 3: DA083, dagar 12345--, Stops 0, lokal tid 12:00–13:25. Teckenförklaring s. 2: 1=måndag … 7=söndag; G=Gatwick, H=Heathrow. Utgåva 27 oktober 1985–30 mars 1986. Endast fredag/lördag i målintervallet; UTC+0 vid alla ändpunkter. Planerad trafik, inte belagt genomförande eller verklig flygbana.
dan-air-085-ABZ-LGW-1700-b47	DA085	dan-air	ABZ	LGW	17:00	18:30	0	+00:00	+00:00	12345--	5	3	0	not specified	dan-air-19851027-system	1985-10-27	1986-03-30		1986-02-28	1986-03-01	1	Dan-Air Winter 85/86, tryckt s. 3: DA085, dagar 12345--, Stops 0, lokal tid 17:00–18:30. Teckenförklaring s. 2: 1=måndag … 7=söndag; G=Gatwick, H=Heathrow. Utgåva 27 oktober 1985–30 mars 1986. Endast fredag/lördag i målintervallet; UTC+0 vid alla ändpunkter. Planerad trafik, inte belagt genomförande eller verklig flygbana.
dan-air-125-BFS-CWL-0925-b47	DA125	dan-air	BFS	CWL	09:25	10:55	0	+00:00	+00:00	12345--	5	4	0	not specified	dan-air-19851027-system	1985-10-27	1986-03-30		1986-02-28	1986-03-01	1	Dan-Air Winter 85/86, tryckt s. 4: DA125, dagar 12345--, Stops 0, lokal tid 09:25–10:55. Teckenförklaring s. 2: 1=måndag … 7=söndag; G=Gatwick, H=Heathrow. Utgåva 27 oktober 1985–30 mars 1986. Endast fredag/lördag i målintervallet; UTC+0 vid alla ändpunkter. Planerad trafik, inte belagt genomförande eller verklig flygbana. Belfast–Cardiff och Bristol–Belfast är separat tidsatta. Cardiff–Bristol saknar komplett direktben och importeras inte; glapp i benföljden bevaras.
dan-air-219-BFS-LGW-0715-b47	DA219	dan-air	BFS	LGW	07:15	08:30	0	+00:00	+00:00	1234567	5,6	5	0	not specified	dan-air-19851027-system	1985-10-27	1986-03-30		1986-02-28	1986-03-01	1	Dan-Air Winter 85/86, tryckt s. 5: DA219, dagar 1234567, Stops 0, lokal tid 07:15–08:30. Teckenförklaring s. 2: 1=måndag … 7=söndag; G=Gatwick, H=Heathrow. Utgåva 27 oktober 1985–30 mars 1986. Endast fredag/lördag i målintervallet; UTC+0 vid alla ändpunkter. Planerad trafik, inte belagt genomförande eller verklig flygbana.
dan-air-223-BFS-LGW-1115-b47	DA223	dan-air	BFS	LGW	11:15	12:30	0	+00:00	+00:00	12345--	5	5	0	not specified	dan-air-19851027-system	1985-10-27	1986-03-30		1986-02-28	1986-03-01	1	Dan-Air Winter 85/86, tryckt s. 5: DA223, dagar 12345--, Stops 0, lokal tid 11:15–12:30. Teckenförklaring s. 2: 1=måndag … 7=söndag; G=Gatwick, H=Heathrow. Utgåva 27 oktober 1985–30 mars 1986. Endast fredag/lördag i målintervallet; UTC+0 vid alla ändpunkter. Planerad trafik, inte belagt genomförande eller verklig flygbana.
dan-air-225-BFS-LGW-1200-b47	DA225	dan-air	BFS	LGW	12:00	13:15	0	+00:00	+00:00	-----67	6	5	0	not specified	dan-air-19851027-system	1985-10-27	1986-03-30		1986-02-28	1986-03-01	1	Dan-Air Winter 85/86, tryckt s. 5: DA225, dagar -----67, Stops 0, lokal tid 12:00–13:15. Teckenförklaring s. 2: 1=måndag … 7=söndag; G=Gatwick, H=Heathrow. Utgåva 27 oktober 1985–30 mars 1986. Endast fredag/lördag i målintervallet; UTC+0 vid alla ändpunkter. Planerad trafik, inte belagt genomförande eller verklig flygbana.
dan-air-229-BFS-LGW-1710-b47	DA229	dan-air	BFS	LGW	17:10	18:25	0	+00:00	+00:00	12345-7	5	5	0	not specified	dan-air-19851027-system	1985-10-27	1986-03-30		1986-02-28	1986-03-01	1	Dan-Air Winter 85/86, tryckt s. 5: DA229, dagar 12345-7, Stops 0, lokal tid 17:10–18:25. Teckenförklaring s. 2: 1=måndag … 7=söndag; G=Gatwick, H=Heathrow. Utgåva 27 oktober 1985–30 mars 1986. Endast fredag/lördag i målintervallet; UTC+0 vid alla ändpunkter. Planerad trafik, inte belagt genomförande eller verklig flygbana.
dan-air-144-BFS-NCL-1425-b47	DA144	dan-air	BFS	NCL	14:25	15:30	0	+00:00	+00:00	1-3-5--	5	5	0	not specified	dan-air-19851027-system	1985-10-27	1986-03-30		1986-02-28	1986-03-01	1	Dan-Air Winter 85/86, tryckt s. 5: DA144, dagar 1-3-5--, Stops 0, lokal tid 14:25–15:30. Teckenförklaring s. 2: 1=måndag … 7=söndag; G=Gatwick, H=Heathrow. Utgåva 27 oktober 1985–30 mars 1986. Endast fredag/lördag i målintervallet; UTC+0 vid alla ändpunkter. Planerad trafik, inte belagt genomförande eller verklig flygbana.
dan-air-303-BOH-GCI-1530-b47	DA303	dan-air	BOH	GCI	15:30	16:10	0	+00:00	+00:00	12345-7	5	7	0	not specified	dan-air-19851027-system	1985-10-27	1986-03-30	1986-02-23	1986-02-28	1986-03-01	1	Dan-Air Winter 85/86, tryckt s. 7: DA303, dagar 12345-7, Stops 0, lokal tid 15:30–16:10. Teckenförklaring s. 2: 1=måndag … 7=söndag; G=Gatwick, H=Heathrow. Utgåva 27 oktober 1985–30 mars 1986. Endast fredag/lördag i målintervallet; UTC+0 vid alla ändpunkter. Planerad trafik, inte belagt genomförande eller verklig flygbana. Tryckt rad gäller från 1986-02-23; den tidigare radvarianten importeras inte. Delsträckorna knyts till samma publicerade flygnummer med separata avgångs- och ankomsttider. Markuppehåll animeras inte som flyg.
dan-air-283-BOH-JER-0800-b47	DA283	dan-air	BOH	JER	08:00	08:45	0	+00:00	+00:00	1-3-5--	5	7	0	not specified	dan-air-19851027-system	1985-10-27	1986-03-30		1986-02-28	1986-03-01	1	Dan-Air Winter 85/86, tryckt s. 7: DA283, dagar 1-3-5--, Stops 0, lokal tid 08:00–08:45. Teckenförklaring s. 2: 1=måndag … 7=söndag; G=Gatwick, H=Heathrow. Utgåva 27 oktober 1985–30 mars 1986. Endast fredag/lördag i målintervallet; UTC+0 vid alla ändpunkter. Planerad trafik, inte belagt genomförande eller verklig flygbana. Delsträckorna knyts till samma publicerade flygnummer med separata avgångs- och ankomsttider. Markuppehåll animeras inte som flyg.
dan-air-287-BOH-JER-1100-b47	DA287	dan-air	BOH	JER	11:00	11:45	0	+00:00	+00:00	-----6-	6	7	0	not specified	dan-air-19851027-system	1985-10-27	1986-03-30		1986-02-28	1986-03-01	1	Dan-Air Winter 85/86, tryckt s. 7: DA287, dagar -----6-, Stops 0, lokal tid 11:00–11:45. Teckenförklaring s. 2: 1=måndag … 7=söndag; G=Gatwick, H=Heathrow. Utgåva 27 oktober 1985–30 mars 1986. Endast fredag/lördag i målintervallet; UTC+0 vid alla ändpunkter. Planerad trafik, inte belagt genomförande eller verklig flygbana. Delsträckorna knyts till samma publicerade flygnummer med separata avgångs- och ankomsttider. Markuppehåll animeras inte som flyg.
dan-air-125-BRS-BFS-1205-b47	DA125	dan-air	BRS	BFS	12:05	13:35	0	+00:00	+00:00	12345--	5	7	0	not specified	dan-air-19851027-system	1985-10-27	1986-03-30		1986-02-28	1986-03-01	3	Dan-Air Winter 85/86, tryckt s. 7: DA125, dagar 12345--, Stops 0, lokal tid 12:05–13:35. Teckenförklaring s. 2: 1=måndag … 7=söndag; G=Gatwick, H=Heathrow. Utgåva 27 oktober 1985–30 mars 1986. Endast fredag/lördag i målintervallet; UTC+0 vid alla ändpunkter. Planerad trafik, inte belagt genomförande eller verklig flygbana. Belfast–Cardiff och Bristol–Belfast är separat tidsatta. Cardiff–Bristol saknar komplett direktben och importeras inte; glapp i benföljden bevaras.
dan-air-263-CWL-GCI-1215-b47	DA263	dan-air	CWL	GCI	12:15	13:00	0	+00:00	+00:00	1-3-5--	5	8	0	not specified	dan-air-19851027-system	1985-10-27	1986-03-30		1986-02-28	1986-03-01	1	Dan-Air Winter 85/86, tryckt s. 8: DA263, dagar 1-3-5--, Stops 0, lokal tid 12:15–13:00. Teckenförklaring s. 2: 1=måndag … 7=söndag; G=Gatwick, H=Heathrow. Utgåva 27 oktober 1985–30 mars 1986. Endast fredag/lördag i målintervallet; UTC+0 vid alla ändpunkter. Planerad trafik, inte belagt genomförande eller verklig flygbana. Delsträckorna knyts till samma publicerade flygnummer med separata avgångs- och ankomsttider. Markuppehåll animeras inte som flyg.
dan-air-283-GCI-BOH-0950-b47	DA283	dan-air	GCI	BOH	09:50	10:30	0	+00:00	+00:00	1-3-5--	5	9	0	not specified	dan-air-19851027-system	1985-10-27	1986-03-30	1986-02-24	1986-02-28	1986-03-01	3	Dan-Air Winter 85/86, tryckt s. 9: DA283, dagar 1-3-5--, Stops 0, lokal tid 09:50–10:30. Teckenförklaring s. 2: 1=måndag … 7=söndag; G=Gatwick, H=Heathrow. Utgåva 27 oktober 1985–30 mars 1986. Endast fredag/lördag i målintervallet; UTC+0 vid alla ändpunkter. Planerad trafik, inte belagt genomförande eller verklig flygbana. Tryckt rad gäller från 1986-02-24; den tidigare radvarianten importeras inte. Delsträckorna knyts till samma publicerade flygnummer med separata avgångs- och ankomsttider. Markuppehåll animeras inte som flyg.
dan-air-287-GCI-BOH-1250-b47	DA287	dan-air	GCI	BOH	12:50	13:30	0	+00:00	+00:00	-----6-	6	9	0	not specified	dan-air-19851027-system	1985-10-27	1986-03-30		1986-02-28	1986-03-01	3	Dan-Air Winter 85/86, tryckt s. 9: DA287, dagar -----6-, Stops 0, lokal tid 12:50–13:30. Teckenförklaring s. 2: 1=måndag … 7=söndag; G=Gatwick, H=Heathrow. Utgåva 27 oktober 1985–30 mars 1986. Endast fredag/lördag i målintervallet; UTC+0 vid alla ändpunkter. Planerad trafik, inte belagt genomförande eller verklig flygbana. Delsträckorna knyts till samma publicerade flygnummer med separata avgångs- och ankomsttider. Markuppehåll animeras inte som flyg.
dan-air-263-GCI-JER-1320-b47	DA263	dan-air	GCI	JER	13:20	13:45	0	+00:00	+00:00	1-3-5--	5	9	0	not specified	dan-air-19851027-system	1985-10-27	1986-03-30		1986-02-28	1986-03-01	2	Dan-Air Winter 85/86, tryckt s. 9: DA263, dagar 1-3-5--, Stops 0, lokal tid 13:20–13:45. Teckenförklaring s. 2: 1=måndag … 7=söndag; G=Gatwick, H=Heathrow. Utgåva 27 oktober 1985–30 mars 1986. Endast fredag/lördag i målintervallet; UTC+0 vid alla ändpunkter. Planerad trafik, inte belagt genomförande eller verklig flygbana. Delsträckorna knyts till samma publicerade flygnummer med separata avgångs- och ankomsttider. Markuppehåll animeras inte som flyg.
dan-air-303-GCI-JER-1630-b47	DA303	dan-air	GCI	JER	16:30	16:50	0	+00:00	+00:00	12345-7	5	9	0	not specified	dan-air-19851027-system	1985-10-27	1986-03-30		1986-02-28	1986-03-01	2	Dan-Air Winter 85/86, tryckt s. 9: DA303, dagar 12345-7, Stops 0, lokal tid 16:30–16:50. Teckenförklaring s. 2: 1=måndag … 7=söndag; G=Gatwick, H=Heathrow. Utgåva 27 oktober 1985–30 mars 1986. Endast fredag/lördag i målintervallet; UTC+0 vid alla ändpunkter. Planerad trafik, inte belagt genomförande eller verklig flygbana. Delsträckorna knyts till samma publicerade flygnummer med separata avgångs- och ankomsttider. Markuppehåll animeras inte som flyg.
dan-air-151-INV-LHR-0650-b47	DA151	dan-air	INV	LHR	06:50	08:10	0	+00:00	+00:00	12345--	5	10	0	not specified	dan-air-19851027-system	1985-10-27	1986-03-30		1986-02-28	1986-03-01	1	Dan-Air Winter 85/86, tryckt s. 10: DA151, dagar 12345--, Stops 0, lokal tid 06:50–08:10. Teckenförklaring s. 2: 1=måndag … 7=söndag; G=Gatwick, H=Heathrow. Utgåva 27 oktober 1985–30 mars 1986. Endast fredag/lördag i målintervallet; UTC+0 vid alla ändpunkter. Planerad trafik, inte belagt genomförande eller verklig flygbana.
dan-air-153-INV-LHR-0800-b47	DA153	dan-air	INV	LHR	08:00	09:20	0	+00:00	+00:00	-----6-	6	10	0	not specified	dan-air-19851027-system	1985-10-27	1986-03-30		1986-02-28	1986-03-01	1	Dan-Air Winter 85/86, tryckt s. 10: DA153, dagar -----6-, Stops 0, lokal tid 08:00–09:20. Teckenförklaring s. 2: 1=måndag … 7=söndag; G=Gatwick, H=Heathrow. Utgåva 27 oktober 1985–30 mars 1986. Endast fredag/lördag i målintervallet; UTC+0 vid alla ändpunkter. Planerad trafik, inte belagt genomförande eller verklig flygbana.
dan-air-157-INV-LHR-1735-b47	DA157	dan-air	INV	LHR	17:35	19:00	0	+00:00	+00:00	12345-7	5	10	0	not specified	dan-air-19851027-system	1985-10-27	1986-03-30		1986-02-28	1986-03-01	1	Dan-Air Winter 85/86, tryckt s. 10: DA157, dagar 12345-7, Stops 0, lokal tid 17:35–19:00. Teckenförklaring s. 2: 1=måndag … 7=söndag; G=Gatwick, H=Heathrow. Utgåva 27 oktober 1985–30 mars 1986. Endast fredag/lördag i målintervallet; UTC+0 vid alla ändpunkter. Planerad trafik, inte belagt genomförande eller verklig flygbana.
dan-air-303-JER-BOH-1715-b47	DA303	dan-air	JER	BOH	17:15	18:00	0	+00:00	+00:00	12345-7	5	10	0	not specified	dan-air-19851027-system	1985-10-27	1986-03-30		1986-02-28	1986-03-01	3	Dan-Air Winter 85/86, tryckt s. 10: DA303, dagar 12345-7, Stops 0, lokal tid 17:15–18:00. Teckenförklaring s. 2: 1=måndag … 7=söndag; G=Gatwick, H=Heathrow. Utgåva 27 oktober 1985–30 mars 1986. Endast fredag/lördag i målintervallet; UTC+0 vid alla ändpunkter. Planerad trafik, inte belagt genomförande eller verklig flygbana. Delsträckorna knyts till samma publicerade flygnummer med separata avgångs- och ankomsttider. Markuppehåll animeras inte som flyg.
dan-air-263-JER-CWL-1410-b47	DA263	dan-air	JER	CWL	14:10	14:55	0	+00:00	+00:00	1-3-5--	5	11	0	not specified	dan-air-19851027-system	1985-10-27	1986-03-30		1986-02-28	1986-03-01	3	Dan-Air Winter 85/86, tryckt s. 11: DA263, dagar 1-3-5--, Stops 0, lokal tid 14:10–14:55. Teckenförklaring s. 2: 1=måndag … 7=söndag; G=Gatwick, H=Heathrow. Utgåva 27 oktober 1985–30 mars 1986. Endast fredag/lördag i målintervallet; UTC+0 vid alla ändpunkter. Planerad trafik, inte belagt genomförande eller verklig flygbana. Delsträckorna knyts till samma publicerade flygnummer med separata avgångs- och ankomsttider. Markuppehåll animeras inte som flyg.
dan-air-283-JER-GCI-0910-b47	DA283	dan-air	JER	GCI	09:10	09:30	0	+00:00	+00:00	1-3-5--	5	11	0	not specified	dan-air-19851027-system	1985-10-27	1986-03-30		1986-02-28	1986-03-01	2	Dan-Air Winter 85/86, tryckt s. 11: DA283, dagar 1-3-5--, Stops 0, lokal tid 09:10–09:30. Teckenförklaring s. 2: 1=måndag … 7=söndag; G=Gatwick, H=Heathrow. Utgåva 27 oktober 1985–30 mars 1986. Endast fredag/lördag i målintervallet; UTC+0 vid alla ändpunkter. Planerad trafik, inte belagt genomförande eller verklig flygbana. Delsträckorna knyts till samma publicerade flygnummer med separata avgångs- och ankomsttider. Markuppehåll animeras inte som flyg.
dan-air-287-JER-GCI-1210-b47	DA287	dan-air	JER	GCI	12:10	12:30	0	+00:00	+00:00	-----6-	6	11	0	not specified	dan-air-19851027-system	1985-10-27	1986-03-30		1986-02-28	1986-03-01	2	Dan-Air Winter 85/86, tryckt s. 11: DA287, dagar -----6-, Stops 0, lokal tid 12:10–12:30. Teckenförklaring s. 2: 1=måndag … 7=söndag; G=Gatwick, H=Heathrow. Utgåva 27 oktober 1985–30 mars 1986. Endast fredag/lördag i målintervallet; UTC+0 vid alla ändpunkter. Planerad trafik, inte belagt genomförande eller verklig flygbana. Delsträckorna knyts till samma publicerade flygnummer med separata avgångs- och ankomsttider. Markuppehåll animeras inte som flyg.
dan-air-400-JER-LGW-0800-b47	DA400	dan-air	JER	LGW	08:00	09:10	0	+00:00	+00:00	123456-	5,6	11	0	not specified	dan-air-19851027-system	1985-10-27	1986-03-30		1986-02-28	1986-03-01	1	Dan-Air Winter 85/86, tryckt s. 11: DA400, dagar 123456-, Stops 0, lokal tid 08:00–09:10. Teckenförklaring s. 2: 1=måndag … 7=söndag; G=Gatwick, H=Heathrow. Utgåva 27 oktober 1985–30 mars 1986. Endast fredag/lördag i målintervallet; UTC+0 vid alla ändpunkter. Planerad trafik, inte belagt genomförande eller verklig flygbana.
dan-air-406-JER-LGW-1450-b47	DA406	dan-air	JER	LGW	14:50	16:00	0	+00:00	+00:00	1-3-567	5,6	11	0	not specified	dan-air-19851027-system	1985-10-27	1986-03-30		1986-02-28	1986-03-01	1	Dan-Air Winter 85/86, tryckt s. 11: DA406, dagar 1-3-567, Stops 0, lokal tid 14:50–16:00. Teckenförklaring s. 2: 1=måndag … 7=söndag; G=Gatwick, H=Heathrow. Utgåva 27 oktober 1985–30 mars 1986. Endast fredag/lördag i målintervallet; UTC+0 vid alla ändpunkter. Planerad trafik, inte belagt genomförande eller verklig flygbana.
dan-air-082-LGW-ABZ-0945-b47	DA082	dan-air	LGW	ABZ	09:45	11:15	0	+00:00	+00:00	12345--	5	12	0	not specified	dan-air-19851027-system	1985-10-27	1986-03-30		1986-02-28	1986-03-01	1	Dan-Air Winter 85/86, tryckt s. 12: DA082, dagar 12345--, Stops 0, lokal tid 09:45–11:15. Teckenförklaring s. 2: 1=måndag … 7=söndag; G=Gatwick, H=Heathrow. Utgåva 27 oktober 1985–30 mars 1986. Endast fredag/lördag i målintervallet; UTC+0 vid alla ändpunkter. Planerad trafik, inte belagt genomförande eller verklig flygbana.
dan-air-086-LGW-ABZ-1915-b47	DA086	dan-air	LGW	ABZ	19:15	20:45	0	+00:00	+00:00	12345-7	5	12	0	not specified	dan-air-19851027-system	1985-10-27	1986-03-30	1985-12-22	1986-02-28	1986-03-01	1	Dan-Air Winter 85/86, tryckt s. 12: DA086, dagar 12345-7, Stops 0, lokal tid 19:15–20:45. Teckenförklaring s. 2: 1=måndag … 7=söndag; G=Gatwick, H=Heathrow. Utgåva 27 oktober 1985–30 mars 1986. Endast fredag/lördag i målintervallet; UTC+0 vid alla ändpunkter. Planerad trafik, inte belagt genomförande eller verklig flygbana. Tryckt rad gäller från 1985-12-22; den tidigare radvarianten importeras inte.
dan-air-220-LGW-BFS-0915-b47	DA220	dan-air	LGW	BFS	09:15	10:30	0	+00:00	+00:00	12345--	5	12	0	not specified	dan-air-19851027-system	1985-10-27	1986-03-30		1986-02-28	1986-03-01	1	Dan-Air Winter 85/86, tryckt s. 12: DA220, dagar 12345--, Stops 0, lokal tid 09:15–10:30. Teckenförklaring s. 2: 1=måndag … 7=söndag; G=Gatwick, H=Heathrow. Utgåva 27 oktober 1985–30 mars 1986. Endast fredag/lördag i målintervallet; UTC+0 vid alla ändpunkter. Planerad trafik, inte belagt genomförande eller verklig flygbana.
dan-air-222-LGW-BFS-1000-b47	DA222	dan-air	LGW	BFS	10:00	11:15	0	+00:00	+00:00	-----67	6	12	0	not specified	dan-air-19851027-system	1985-10-27	1986-03-30		1986-02-28	1986-03-01	1	Dan-Air Winter 85/86, tryckt s. 12: DA222, dagar -----67, Stops 0, lokal tid 10:00–11:15. Teckenförklaring s. 2: 1=måndag … 7=söndag; G=Gatwick, H=Heathrow. Utgåva 27 oktober 1985–30 mars 1986. Endast fredag/lördag i målintervallet; UTC+0 vid alla ändpunkter. Planerad trafik, inte belagt genomförande eller verklig flygbana.
dan-air-226-LGW-BFS-1315-b47	DA226	dan-air	LGW	BFS	13:15	14:30	0	+00:00	+00:00	12345--	5	12	0	not specified	dan-air-19851027-system	1985-10-27	1986-03-30		1986-02-28	1986-03-01	1	Dan-Air Winter 85/86, tryckt s. 12: DA226, dagar 12345--, Stops 0, lokal tid 13:15–14:30. Teckenförklaring s. 2: 1=måndag … 7=söndag; G=Gatwick, H=Heathrow. Utgåva 27 oktober 1985–30 mars 1986. Endast fredag/lördag i målintervallet; UTC+0 vid alla ändpunkter. Planerad trafik, inte belagt genomförande eller verklig flygbana.
dan-air-230-LGW-BFS-1915-b47	DA230	dan-air	LGW	BFS	19:15	20:30	0	+00:00	+00:00	1234567	5,6	12	0	not specified	dan-air-19851027-system	1985-10-27	1986-03-30		1986-02-28	1986-03-01	1	Dan-Air Winter 85/86, tryckt s. 12: DA230, dagar 1234567, Stops 0, lokal tid 19:15–20:30. Teckenförklaring s. 2: 1=måndag … 7=söndag; G=Gatwick, H=Heathrow. Utgåva 27 oktober 1985–30 mars 1986. Endast fredag/lördag i målintervallet; UTC+0 vid alla ändpunkter. Planerad trafik, inte belagt genomförande eller verklig flygbana.
dan-air-154-LHR-INV-0900-b47	DA154	dan-air	LHR	INV	09:00	10:20	0	+00:00	+00:00	12345--	5	13	0	not specified	dan-air-19851027-system	1985-10-27	1986-03-30		1986-02-28	1986-03-01	1	Dan-Air Winter 85/86, tryckt s. 13: DA154, dagar 12345--, Stops 0, lokal tid 09:00–10:20. Teckenförklaring s. 2: 1=måndag … 7=söndag; G=Gatwick, H=Heathrow. Utgåva 27 oktober 1985–30 mars 1986. Endast fredag/lördag i målintervallet; UTC+0 vid alla ändpunkter. Planerad trafik, inte belagt genomförande eller verklig flygbana.
dan-air-156-LHR-INV-1000-b47	DA156	dan-air	LHR	INV	10:00	11:25	0	+00:00	+00:00	-----6-	6	13	0	not specified	dan-air-19851027-system	1985-10-27	1986-03-30		1986-02-28	1986-03-01	1	Dan-Air Winter 85/86, tryckt s. 13: DA156, dagar -----6-, Stops 0, lokal tid 10:00–11:25. Teckenförklaring s. 2: 1=måndag … 7=söndag; G=Gatwick, H=Heathrow. Utgåva 27 oktober 1985–30 mars 1986. Endast fredag/lördag i målintervallet; UTC+0 vid alla ändpunkter. Planerad trafik, inte belagt genomförande eller verklig flygbana.
dan-air-158-LHR-INV-1935-b47	DA158	dan-air	LHR	INV	19:35	21:00	0	+00:00	+00:00	12345-7	5	13	0	not specified	dan-air-19851027-system	1985-10-27	1986-03-30		1986-02-28	1986-03-01	1	Dan-Air Winter 85/86, tryckt s. 13: DA158, dagar 12345-7, Stops 0, lokal tid 19:35–21:00. Teckenförklaring s. 2: 1=måndag … 7=söndag; G=Gatwick, H=Heathrow. Utgåva 27 oktober 1985–30 mars 1986. Endast fredag/lördag i målintervallet; UTC+0 vid alla ändpunkter. Planerad trafik, inte belagt genomförande eller verklig flygbana.
dan-air-405-LGW-JER-1300-b47	DA405	dan-air	LGW	JER	13:00	14:10	0	+00:00	+00:00	1-3-567	5,6	13	0	not specified	dan-air-19851027-system	1985-10-27	1986-03-30		1986-02-28	1986-03-01	1	Dan-Air Winter 85/86, tryckt s. 13: DA405, dagar 1-3-567, Stops 0, lokal tid 13:00–14:10. Teckenförklaring s. 2: 1=måndag … 7=söndag; G=Gatwick, H=Heathrow. Utgåva 27 oktober 1985–30 mars 1986. Endast fredag/lördag i målintervallet; UTC+0 vid alla ändpunkter. Planerad trafik, inte belagt genomförande eller verklig flygbana.
dan-air-407-LGW-JER-1820-b47	DA407	dan-air	LGW	JER	18:20	19:30	0	+00:00	+00:00	12345-7	5	13	0	not specified	dan-air-19851027-system	1985-10-27	1986-03-30		1986-02-28	1986-03-01	1	Dan-Air Winter 85/86, tryckt s. 13: DA407, dagar 12345-7, Stops 0, lokal tid 18:20–19:30. Teckenförklaring s. 2: 1=måndag … 7=söndag; G=Gatwick, H=Heathrow. Utgåva 27 oktober 1985–30 mars 1986. Endast fredag/lördag i målintervallet; UTC+0 vid alla ändpunkter. Planerad trafik, inte belagt genomförande eller verklig flygbana.
dan-air-196-LHR-MAN-1355-b47	DA196	dan-air	LHR	MAN	13:55	14:40	0	+00:00	+00:00	12345-7	5	13	0	not specified	dan-air-19851027-system	1985-10-27	1986-03-30		1986-02-28	1986-03-01	1	Dan-Air Winter 85/86, tryckt s. 13: DA196, dagar 12345-7, Stops 0, lokal tid 13:55–14:40. Teckenförklaring s. 2: 1=måndag … 7=söndag; G=Gatwick, H=Heathrow. Utgåva 27 oktober 1985–30 mars 1986. Endast fredag/lördag i målintervallet; UTC+0 vid alla ändpunkter. Planerad trafik, inte belagt genomförande eller verklig flygbana. Delsträckorna knyts till samma publicerade flygnummer med separata avgångs- och ankomsttider. Markuppehåll animeras inte som flyg.
dan-air-164-LGW-NCL-1410-b47	DA164	dan-air	LGW	NCL	14:10	15:15	0	+00:00	+00:00	12345--	5	13	0	not specified	dan-air-19851027-system	1985-10-27	1986-03-30		1986-02-28	1986-03-01	1	Dan-Air Winter 85/86, tryckt s. 13: DA164, dagar 12345--, Stops 0, lokal tid 14:10–15:15. Teckenförklaring s. 2: 1=måndag … 7=söndag; G=Gatwick, H=Heathrow. Utgåva 27 oktober 1985–30 mars 1986. Endast fredag/lördag i målintervallet; UTC+0 vid alla ändpunkter. Planerad trafik, inte belagt genomförande eller verklig flygbana. Fortsättningen Newcastle–Aberdeen saknar egen avgångstid och importeras inte.
dan-air-108-LGW-NCL-1850-b47	DA108	dan-air	LGW	NCL	18:50	20:00	0	+00:00	+00:00	12345-7	5	13	0	not specified	dan-air-19851027-system	1985-10-27	1986-03-30	1985-12-22	1986-02-28	1986-03-01	1	Dan-Air Winter 85/86, tryckt s. 13: DA108, dagar 12345-7, Stops 0, lokal tid 18:50–20:00. Teckenförklaring s. 2: 1=måndag … 7=söndag; G=Gatwick, H=Heathrow. Utgåva 27 oktober 1985–30 mars 1986. Endast fredag/lördag i målintervallet; UTC+0 vid alla ändpunkter. Planerad trafik, inte belagt genomförande eller verklig flygbana. Tryckt rad gäller från 1985-12-22; den tidigare radvarianten importeras inte.
dan-air-168-LGW-NCL-1900-b47	DA168	dan-air	LGW	NCL	19:00	20:05	0	+00:00	+00:00	-----6-	6	13	0	not specified	dan-air-19851027-system	1985-10-27	1986-03-30	1985-12-16	1986-02-28	1986-03-01	1	Dan-Air Winter 85/86, tryckt s. 13: DA168, dagar -----6-, Stops 0, lokal tid 19:00–20:05. Teckenförklaring s. 2: 1=måndag … 7=söndag; G=Gatwick, H=Heathrow. Utgåva 27 oktober 1985–30 mars 1986. Endast fredag/lördag i målintervallet; UTC+0 vid alla ändpunkter. Planerad trafik, inte belagt genomförande eller verklig flygbana. Tryckt rad gäller från 1985-12-16; den tidigare radvarianten importeras inte. Delsträckorna knyts till samma publicerade flygnummer med separata avgångs- och ankomsttider. Markuppehåll animeras inte som flyg.
dan-air-196-MAN-INV-1500-b47	DA196	dan-air	MAN	INV	15:00	16:00	0	+00:00	+00:00	12345-7	5	14	0	not specified	dan-air-19851027-system	1985-10-27	1986-03-30		1986-02-28	1986-03-01	2	Dan-Air Winter 85/86, tryckt s. 14: DA196, dagar 12345-7, Stops 0, lokal tid 15:00–16:00. Teckenförklaring s. 2: 1=måndag … 7=söndag; G=Gatwick, H=Heathrow. Utgåva 27 oktober 1985–30 mars 1986. Endast fredag/lördag i målintervallet; UTC+0 vid alla ändpunkter. Planerad trafik, inte belagt genomförande eller verklig flygbana. Delsträckorna knyts till samma publicerade flygnummer med separata avgångs- och ankomsttider. Markuppehåll animeras inte som flyg.
dan-air-193-MAN-LHR-1230-b47	DA193	dan-air	MAN	LHR	12:30	13:20	0	+00:00	+00:00	12345-7	5	14	0	not specified	dan-air-19851027-system	1985-10-27	1986-03-30		1986-02-28	1986-03-01	2	Dan-Air Winter 85/86, tryckt s. 14: DA193, dagar 12345-7, Stops 0, lokal tid 12:30–13:20. Teckenförklaring s. 2: 1=måndag … 7=söndag; G=Gatwick, H=Heathrow. Utgåva 27 oktober 1985–30 mars 1986. Endast fredag/lördag i målintervallet; UTC+0 vid alla ändpunkter. Planerad trafik, inte belagt genomförande eller verklig flygbana. Endast Manchester–Heathrow. Inverness–Manchester hålls utanför: genomgående rader anger 11:10, direktbenet 11:15.
dan-air-168-NCL-ABZ-2020-b47	DA168	dan-air	NCL	ABZ	20:20	21:00	0	+00:00	+00:00	-----6-	6	18	0	not specified	dan-air-19851027-system	1985-10-27	1986-03-30	1985-12-16	1986-02-28	1986-03-01	2	Dan-Air Winter 85/86, tryckt s. 18: DA168, dagar -----6-, Stops 0, lokal tid 20:20–21:00. Teckenförklaring s. 2: 1=måndag … 7=söndag; G=Gatwick, H=Heathrow. Utgåva 27 oktober 1985–30 mars 1986. Endast fredag/lördag i målintervallet; UTC+0 vid alla ändpunkter. Planerad trafik, inte belagt genomförande eller verklig flygbana. Tryckt rad gäller från 1985-12-16; den tidigare radvarianten importeras inte. Delsträckorna knyts till samma publicerade flygnummer med separata avgångs- och ankomsttider. Markuppehåll animeras inte som flyg.
dan-air-141-NCL-BFS-0745-b47	DA141	dan-air	NCL	BFS	07:45	08:55	0	+00:00	+00:00	12345--	5	18	0	not specified	dan-air-19851027-system	1985-10-27	1986-03-30		1986-02-28	1986-03-01	1	Dan-Air Winter 85/86, tryckt s. 18: DA141, dagar 12345--, Stops 0, lokal tid 07:45–08:55. Teckenförklaring s. 2: 1=måndag … 7=söndag; G=Gatwick, H=Heathrow. Utgåva 27 oktober 1985–30 mars 1986. Endast fredag/lördag i målintervallet; UTC+0 vid alla ändpunkter. Planerad trafik, inte belagt genomförande eller verklig flygbana.
dan-air-101-NCL-LGW-0700-b47	DA101	dan-air	NCL	LGW	07:00	08:10	0	+00:00	+00:00	123456-	5,6	18	0	not specified	dan-air-19851027-system	1985-10-27	1986-03-30	1985-12-21	1986-02-28	1986-03-01	1	Dan-Air Winter 85/86, tryckt s. 18: DA101, dagar 123456-, Stops 0, lokal tid 07:00–08:10. Teckenförklaring s. 2: 1=måndag … 7=söndag; G=Gatwick, H=Heathrow. Utgåva 27 oktober 1985–30 mars 1986. Endast fredag/lördag i målintervallet; UTC+0 vid alla ändpunkter. Planerad trafik, inte belagt genomförande eller verklig flygbana. Tryckt rad gäller från 1985-12-21; den tidigare radvarianten importeras inte.
