id	airline	flight	origin	destination	departure	arrival	arrival_day_offset	days	valid_from	valid_to	service_group	leg_index	service_day_offset	source	page
british-airways-5610-LHR-ABZ-1130	british-airways	5610	LHR	ABZ	11:30	12:55	0	1,2,3,4,5	1986-02-26	1986-03-01	british-airways-5610	1	0	british-airways-19851027-partial	56 / image fs8AAOSw-D1nxJlG, Brussels transfer column
british-airways-5618-LHR-ABZ-1745	british-airways	5618	LHR	ABZ	17:45	19:10	0	1,2,3,4,5	1986-02-26	1986-03-01	british-airways-5618	1	0	british-airways-19851027-partial	56 / image fs8AAOSw-D1nxJlG, Brussels transfer column
british-airways-4572-LHR-BFS-1030	british-airways	4572	LHR	BFS	10:30	11:40	0	1,2,3,4,5,6,7	1986-02-26	1986-03-01	british-airways-4572	1	0	british-airways-19851027-partial	56 / image fs8AAOSw-D1nxJlG, Brussels transfer column
british-airways-4592-LHR-BFS-1230	british-airways	4592	LHR	BFS	12:30	13:40	0	1,2,3,4,5	1986-02-26	1986-03-01	british-airways-4592	1	0	british-airways-19851027-partial	56 / image fs8AAOSw-D1nxJlG, Brussels transfer column
british-airways-4612-LHR-BFS-1430	british-airways	4612	LHR	BFS	14:30	15:40	0	1,2,3,4,5,6,7	1986-02-26	1986-03-01	british-airways-4612	1	0	british-airways-19851027-partial	56 / image fs8AAOSw-D1nxJlG, Brussels transfer column
british-airways-4652-LHR-BFS-1830	british-airways	4652	LHR	BFS	18:30	19:40	0	1,2,3,4,5,6	1986-02-26	1986-03-01	british-airways-4652	1	0	british-airways-19851027-partial	56 / image fs8AAOSw-D1nxJlG, Brussels transfer column
british-airways-4672-LHR-BFS-2030	british-airways	4672	LHR	BFS	20:30	21:40	0	1,2,3,4,5,7	1986-02-26	1986-03-01	british-airways-4672	1	0	british-airways-19851027-partial	56 / image fs8AAOSw-D1nxJlG, Brussels transfer column
british-airways-4822-LHR-EDI-1810	british-airways	4822	LHR	EDI	18:10	19:20	0	1,2,3,4,5	1986-02-26	1986-03-01	british-airways-4822	1	0	british-airways-19851027-partial	56 / image fs8AAOSw-D1nxJlG, Brussels transfer column
british-airways-4832-LHR-EDI-2010	british-airways	4832	LHR	EDI	20:10	21:20	0	1,2,3,4,5,7	1986-02-26	1986-03-01	british-airways-4832	1	0	british-airways-19851027-partial	56 / image fs8AAOSw-D1nxJlG, Brussels transfer column
british-airways-4882-LHR-GLA-1015	british-airways	4882	LHR	GLA	10:15	11:25	0	1,2,3,4,5,6	1986-02-26	1986-03-01	british-airways-4882	1	0	british-airways-19851027-partial	57 / image fs8AAOSw-D1nxJlG, Brussels transfer column
british-airways-4902-LHR-GLA-1215	british-airways	4902	LHR	GLA	12:15	13:25	0	1,2,3,4,5	1986-02-26	1986-03-01	british-airways-4902	1	0	british-airways-19851027-partial	57 / image fs8AAOSw-D1nxJlG, Brussels transfer column
british-airways-4922-LHR-GLA-1415	british-airways	4922	LHR	GLA	14:15	15:25	0	1,2,3,4,5,6,7	1986-02-26	1986-03-01	british-airways-4922	1	0	british-airways-19851027-partial	57 / image fs8AAOSw-D1nxJlG, Brussels transfer column
british-airways-4962-LHR-GLA-1815	british-airways	4962	LHR	GLA	18:15	19:25	0	1,2,3,4,5,6	1986-02-26	1986-03-01	british-airways-4962	1	0	british-airways-19851027-partial	57 / image fs8AAOSw-D1nxJlG, Brussels transfer column
british-airways-4982-LHR-GLA-2015	british-airways	4982	LHR	GLA	20:15	21:25	0	1,2,3,4,5,7	1986-02-26	1986-03-01	british-airways-4982	1	0	british-airways-19851027-partial	57 / image fs8AAOSw-D1nxJlG, Brussels transfer column
british-airways-5132-LHR-JER-1245	british-airways	5132	LHR	JER	12:45	13:35	0	1,2,3,4,5	1986-02-26	1986-03-01	british-airways-5132	1	0	british-airways-19851027-partial	57 / image fs8AAOSw-D1nxJlG, Brussels transfer column
british-airways-5146-LHR-JER-1830	british-airways	5146	LHR	JER	18:30	19:20	0	1,2,3,4,5,6	1986-02-26	1986-03-01	british-airways-5146	1	0	british-airways-19851027-partial	57 / image fs8AAOSw-D1nxJlG, Brussels transfer column
british-airways-5150-LHR-JER-2010	british-airways	5150	LHR	JER	20:10	21:00	0	1,2,3,4,5,7	1986-02-26	1986-03-01	british-airways-5150	1	0	british-airways-19851027-partial	57 / image fs8AAOSw-D1nxJlG, Brussels transfer column
british-airways-4442-LHR-MAN-1130	british-airways	4442	LHR	MAN	11:30	12:20	0	1,2,3,4,5,7	1986-02-26	1986-03-01	british-airways-4442	1	0	british-airways-19851027-partial	57 / image fs8AAOSw-D1nxJlG, Brussels transfer column
british-airways-4462-LHR-MAN-1330	british-airways	4462	LHR	MAN	13:30	14:20	0	1,2,3,4,5,6,7	1986-02-26	1986-03-01	british-airways-4462	1	0	british-airways-19851027-partial	57 / image fs8AAOSw-D1nxJlG, Brussels transfer column
british-airways-4512-LHR-MAN-1830	british-airways	4512	LHR	MAN	18:30	19:20	0	1,2,3,4,5,6	1986-02-26	1986-03-01	british-airways-4512	1	0	british-airways-19851027-partial	57 / image fs8AAOSw-D1nxJlG, Brussels transfer column
british-airways-5456-LHR-NCL-1740	british-airways	5456	LHR	NCL	17:40	18:40	0	1,2,3,4,5	1986-02-26	1986-03-01	british-airways-5456	1	0	british-airways-19851027-partial	57 / image fs8AAOSw-D1nxJlG, Brussels transfer column
british-airways-5458-LHR-NCL-2015	british-airways	5458	LHR	NCL	20:15	21:15	0	1,2,3,4,5,7	1986-02-26	1986-03-01	british-airways-5458	1	0	british-airways-19851027-partial	57 / image fs8AAOSw-D1nxJlG, Brussels transfer column
british-airways-921-BRU-MAN-2000	british-airways	921	BRU	MAN	20:00	20:10	0	1,2,3,4,5,7	1986-02-26	1986-03-01	british-airways-921	1	0	british-airways-19851027-partial	57 / image fs8AAOSw-D1nxJlG, Brussels–Manchester
sabena-617-BRU-MAN-0755	sabena	617	BRU	MAN	07:55	08:10	0	1,2,3,4,5,6	1986-02-26	1986-03-01	sabena-617	1	0	british-airways-19851027-partial	57 / image fs8AAOSw-D1nxJlG, Brussels–Manchester
british-airways-193-LHR-JFK-1030	british-airways	193	LHR	JFK	10:30	09:20	0	1,2,3,4,5,6,7	1986-02-26	1986-03-01	british-airways-193	1	0	british-airways-concorde-winter-1985	From UK to USA / image 1CIAAOSwUoFmIUcI
british-airways-195-LHR-JFK-1900	british-airways	195	LHR	JFK	19:00	17:50	0	1,2,3,4,5,6,7	1986-02-26	1986-03-01	british-airways-195	1	0	british-airways-concorde-winter-1985	From UK to USA / image 1CIAAOSwUoFmIUcI
british-airways-189-LHR-IAD-1300	british-airways	189	LHR	IAD	13:00	12:15	0	2,4,6	1986-02-26	1986-03-01	british-airways-189	1	0	british-airways-concorde-winter-1985	From UK to USA / image 1CIAAOSwUoFmIUcI
british-airways-192-JFK-LHR-0930	british-airways	192	JFK	LHR	09:30	18:10	0	1,2,3,4,5,6,7	1986-02-26	1986-03-01	british-airways-192	1	0	british-airways-concorde-winter-1985	From USA to UK / image NioAAOSwOv1mIUcI
british-airways-194-JFK-LHR-1345	british-airways	194	JFK	LHR	13:45	22:25	0	1,2,3,4,5,6,7	1986-02-26	1986-03-01	british-airways-194	1	0	british-airways-concorde-winter-1985	From USA to UK / image NioAAOSwOv1mIUcI
british-airways-188-IAD-LHR-1300	british-airways	188	IAD	LHR	13:00	22:00	0	3,5,7	1986-02-26	1986-03-01	british-airways-188	1	0	british-airways-concorde-winter-1985	From USA to UK / image NioAAOSwOv1mIUcI
