source_row	schedule	action	airline	flight	origin	destination	printed_departure	printed_arrival	departure_local	arrival_local	arrival_day_offset	printed_frequency	decoded_days	printed_stops_or_via	printed_page	printed_misc_symbol	footnote	row_effective_from	source	source_effective_from	source_effective_to	import_valid_from	import_valid_to	decision_note
1	delta-793-DFW-LAS-1158-b105	new_schedule	delta	793	DFW	LAS	1158a	1235p	11:58	12:35	0	D	1234567	0	65			1986-02-01	delta-19860201	1986-02-01		1986-02-27	1986-03-01	Accepted: explicit stops=0 row; footnote 4 starts 12 February where present. Each segment retains its own weekdays. All nonstop rows in selected headings transcribed; connecting/through itineraries not counted.
2	delta-747-DFW-LAS-1843-b105	new_schedule	delta	747	DFW	LAS	643p	720p	18:43	19:20	0	D	1234567	0	65			1986-02-01	delta-19860201	1986-02-01		1986-02-27	1986-03-01	Accepted: explicit stops=0 row; footnote 4 starts 12 February where present. Each segment retains its own weekdays. All nonstop rows in selected headings transcribed; connecting/through itineraries not counted.
3	delta-871-DFW-LAS-2158-b105	new_schedule	delta	871	DFW	LAS	958p	1035p	21:58	22:35	0	D	1234567	0	65	*		1986-02-01	delta-19860201	1986-02-01		1986-02-27	1986-03-01	Accepted: explicit stops=0 row; footnote 4 starts 12 February where present. Each segment retains its own weekdays. All nonstop rows in selected headings transcribed; connecting/through itineraries not counted.
4	delta-796-LAS-DFW-0810-b105	new_schedule	delta	796	LAS	DFW	810a	1228p	08:10	12:28	0	D	1234567	0	124			1986-02-01	delta-19860201	1986-02-01		1986-02-27	1986-03-01	Accepted: explicit stops=0 row; footnote 4 starts 12 February where present. Each segment retains its own weekdays. All nonstop rows in selected headings transcribed; connecting/through itineraries not counted.
5	delta-748-LAS-DFW-1140-b105	new_schedule	delta	748	LAS	DFW	1140a	358p	11:40	15:58	0	D	1234567	0	124			1986-02-01	delta-19860201	1986-02-01		1986-02-27	1986-03-01	Accepted: explicit stops=0 row; footnote 4 starts 12 February where present. Each segment retains its own weekdays. All nonstop rows in selected headings transcribed; connecting/through itineraries not counted.
6	delta-794-LAS-DFW-1445-b105	new_schedule	delta	794	LAS	DFW	245p	703p	14:45	19:03	0	D	1234567	0	124			1986-02-01	delta-19860201	1986-02-01		1986-02-27	1986-03-01	Accepted: explicit stops=0 row; footnote 4 starts 12 February where present. Each segment retains its own weekdays. All nonstop rows in selected headings transcribed; connecting/through itineraries not counted.
7	delta-851-DFW-LAX-0837-b105	new_schedule	delta	851	DFW	LAX	837a	935a	08:37	09:35	0	D	1234567	0	65			1986-02-01	delta-19860201	1986-02-01		1986-02-27	1986-03-01	Accepted: explicit stops=0 row; footnote 4 starts 12 February where present. Each segment retains its own weekdays. All nonstop rows in selected headings transcribed; connecting/through itineraries not counted.
8	delta-57-DFW-LAX-1201-b105	new_schedule	delta	57	DFW	LAX	1201p	1259p	12:01	12:59	0	D	1234567	0	65			1986-02-01	delta-19860201	1986-02-01		1986-02-27	1986-03-01	Accepted: explicit stops=0 row; footnote 4 starts 12 February where present. Each segment retains its own weekdays. All nonstop rows in selected headings transcribed; connecting/through itineraries not counted.
9	delta-539-DFW-LAX-1523-b105	new_schedule	delta	539	DFW	LAX	323p	425p	15:23	16:25	0	D	1234567	0	65			1986-02-01	delta-19860201	1986-02-01		1986-02-27	1986-03-01	Accepted: explicit stops=0 row; footnote 4 starts 12 February where present. Each segment retains its own weekdays. All nonstop rows in selected headings transcribed; connecting/through itineraries not counted.
10	delta-139-DFW-LAX-1847-b105	new_schedule	delta	139	DFW	LAX	647p	745p	18:47	19:45	0	D	1234567	0	65			1986-02-01	delta-19860201	1986-02-01		1986-02-27	1986-03-01	Accepted: explicit stops=0 row; footnote 4 starts 12 February where present. Each segment retains its own weekdays. All nonstop rows in selected headings transcribed; connecting/through itineraries not counted.
11		excluded_before_effective_from	delta	589	DFW	LAX	957p	1055p	21:57	22:55	0	D	1234567	0	65	*	6	1986-03-02	delta-19860201	1986-02-01				Excluded: printed footnote 6 starts service on 2 March, after the window.
12		excluded_before_effective_from	delta	500	LAX	DFW	125a	603a	01:25	06:03	0	D	1234567	0	135	*	6	1986-03-02	delta-19860201	1986-02-01				Excluded: printed footnote 6 starts service on 2 March, after the window.
13	delta-538-LAX-DFW-0745-b105	new_schedule	delta	538	LAX	DFW	745a	1225p	07:45	12:25	0	D	1234567	0	135			1986-02-01	delta-19860201	1986-02-01		1986-02-27	1986-03-01	Accepted: explicit stops=0 row; footnote 4 starts 12 February where present. Each segment retains its own weekdays. All nonstop rows in selected headings transcribed; connecting/through itineraries not counted.
14	delta-140-LAX-DFW-1135-b105	new_schedule	delta	140	LAX	DFW	1135a	413p	11:35	16:13	0	D	1234567	0	135			1986-02-01	delta-19860201	1986-02-01		1986-02-27	1986-03-01	Accepted: explicit stops=0 row; footnote 4 starts 12 February where present. Each segment retains its own weekdays. All nonstop rows in selected headings transcribed; connecting/through itineraries not counted.
15	delta-90-LAX-DFW-1425-b105	new_schedule	delta	90	LAX	DFW	225p	703p	14:25	19:03	0	D	1234567	0	135			1986-02-01	delta-19860201	1986-02-01		1986-02-27	1986-03-01	Accepted: explicit stops=0 row; footnote 4 starts 12 February where present. Each segment retains its own weekdays. All nonstop rows in selected headings transcribed; connecting/through itineraries not counted.
16	delta-192-LAX-DFW-1750-b105	new_schedule	delta	192	LAX	DFW	550p	1030p	17:50	22:30	0	D	1234567	0	135			1986-02-01	delta-19860201	1986-02-01		1986-02-27	1986-03-01	Accepted: explicit stops=0 row; footnote 4 starts 12 February where present. Each segment retains its own weekdays. All nonstop rows in selected headings transcribed; connecting/through itineraries not counted.
17	delta-389-DFW-ONT-0848-b105	new_schedule	delta	389	DFW	ONT	848a	945a	08:48	09:45	0	D	1234567	0	65			1986-02-01	delta-19860201	1986-02-01		1986-02-27	1986-03-01	Accepted: explicit stops=0 row; footnote 4 starts 12 February where present. Each segment retains its own weekdays. All nonstop rows in selected headings transcribed; connecting/through itineraries not counted.
18	delta-551-DFW-ONT-1202-b105	new_schedule	delta	551	DFW	ONT	1202p	1259p	12:02	12:59	0	D	1234567	0	65			1986-02-01	delta-19860201	1986-02-01		1986-02-27	1986-03-01	Accepted: explicit stops=0 row; footnote 4 starts 12 February where present. Each segment retains its own weekdays. All nonstop rows in selected headings transcribed; connecting/through itineraries not counted.
19	delta-1169-DFW-ONT-1843-b105	new_schedule	delta	1169	DFW	ONT	643p	740p	18:43	19:40	0	D	1234567	0	65			1986-02-01	delta-19860201	1986-02-01		1986-02-27	1986-03-01	Accepted: explicit stops=0 row; footnote 4 starts 12 February where present. Each segment retains its own weekdays. All nonstop rows in selected headings transcribed; connecting/through itineraries not counted.
20	delta-498-ONT-DFW-0800-b105	new_schedule	delta	498	ONT	DFW	800a	1236p	08:00	12:36	0	D	1234567	0	135			1986-02-01	delta-19860201	1986-02-01		1986-02-27	1986-03-01	Accepted: explicit stops=0 row; footnote 4 starts 12 February where present. Each segment retains its own weekdays. All nonstop rows in selected headings transcribed; connecting/through itineraries not counted.
21	delta-423-ONT-DFW-1135-b105	new_schedule	delta	423	ONT	DFW	1135a	411p	11:35	16:11	0	D	1234567	0	135			1986-02-01	delta-19860201	1986-02-01		1986-02-27	1986-03-01	Accepted: explicit stops=0 row; footnote 4 starts 12 February where present. Each segment retains its own weekdays. All nonstop rows in selected headings transcribed; connecting/through itineraries not counted.
22	delta-242-ONT-DFW-1430-b105	new_schedule	delta	242	ONT	DFW	230p	706p	14:30	19:06	0	D	1234567	0	135			1986-02-01	delta-19860201	1986-02-01		1986-02-27	1986-03-01	Accepted: explicit stops=0 row; footnote 4 starts 12 February where present. Each segment retains its own weekdays. All nonstop rows in selected headings transcribed; connecting/through itineraries not counted.
23	delta-291-DFW-PHX-0837-b105	new_schedule	delta	291	DFW	PHX	837a	1000a	08:37	10:00	0	D	1234567	0	66			1986-02-01	delta-19860201	1986-02-01		1986-02-27	1986-03-01	Accepted: explicit stops=0 row; footnote 4 starts 12 February where present. Each segment retains its own weekdays. All nonstop rows in selected headings transcribed; connecting/through itineraries not counted.
24	delta-1025-DFW-PHX-1203-b105	new_schedule	delta	1025	DFW	PHX	1203p	130p	12:03	13:30	0	D	1234567	0	66			1986-02-01	delta-19860201	1986-02-01		1986-02-27	1986-03-01	Accepted: explicit stops=0 row; footnote 4 starts 12 February where present. Each segment retains its own weekdays. All nonstop rows in selected headings transcribed; connecting/through itineraries not counted.
25	delta-1019-DFW-PHX-1558-b105	new_schedule	delta	1019	DFW	PHX	358p	525p	15:58	17:25	0	D	1234567	0	66		4	1986-02-12	delta-19860201	1986-02-01		1986-02-27	1986-03-01	Accepted: explicit stops=0 row; footnote 4 starts 12 February where present. Each segment retains its own weekdays. All nonstop rows in selected headings transcribed; connecting/through itineraries not counted.
26	delta-759-DFW-PHX-1833-b105	new_schedule	delta	759	DFW	PHX	633p	756p	18:33	19:56	0	D	1234567	0	66			1986-02-01	delta-19860201	1986-02-01		1986-02-27	1986-03-01	Accepted: explicit stops=0 row; footnote 4 starts 12 February where present. Each segment retains its own weekdays. All nonstop rows in selected headings transcribed; connecting/through itineraries not counted.
27	delta-487-DFW-PHX-2158-b105	new_schedule	delta	487	DFW	PHX	958p	1120p	21:58	23:20	0	D	1234567	0	66	*		1986-02-01	delta-19860201	1986-02-01		1986-02-27	1986-03-01	Accepted: explicit stops=0 row; footnote 4 starts 12 February where present. Each segment retains its own weekdays. All nonstop rows in selected headings transcribed; connecting/through itineraries not counted.
28	delta-356-PHX-DFW-0630-b105	new_schedule	delta	356	PHX	DFW	630a	930a	06:30	09:30	0	D	1234567	0	194			1986-02-01	delta-19860201	1986-02-01		1986-02-27	1986-03-01	Accepted: explicit stops=0 row; footnote 4 starts 12 February where present. Each segment retains its own weekdays. All nonstop rows in selected headings transcribed; connecting/through itineraries not counted.
29	delta-588-PHX-DFW-0920-b105	new_schedule	delta	588	PHX	DFW	920a	1220p	09:20	12:20	0	D	1234567	0	194			1986-02-01	delta-19860201	1986-02-01		1986-02-27	1986-03-01	Accepted: explicit stops=0 row; footnote 4 starts 12 February where present. Each segment retains its own weekdays. All nonstop rows in selected headings transcribed; connecting/through itineraries not counted.
30	delta-510-PHX-DFW-1300-b105	new_schedule	delta	510	PHX	DFW	100p	400p	13:00	16:00	0	D	1234567	0	194			1986-02-01	delta-19860201	1986-02-01		1986-02-27	1986-03-01	Accepted: explicit stops=0 row; footnote 4 starts 12 February where present. Each segment retains its own weekdays. All nonstop rows in selected headings transcribed; connecting/through itineraries not counted.
31	delta-1034-PHX-DFW-1610-b105	new_schedule	delta	1034	PHX	DFW	410p	710p	16:10	19:10	0	D	1234567	0	194			1986-02-01	delta-19860201	1986-02-01		1986-02-27	1986-03-01	Accepted: explicit stops=0 row; footnote 4 starts 12 February where present. Each segment retains its own weekdays. All nonstop rows in selected headings transcribed; connecting/through itineraries not counted.
32	delta-1012-PHX-DFW-1815-b105	new_schedule	delta	1012	PHX	DFW	615p	915p	18:15	21:15	0	D	1234567	0	194		4	1986-02-12	delta-19860201	1986-02-01		1986-02-27	1986-03-01	Accepted: explicit stops=0 row; footnote 4 starts 12 February where present. Each segment retains its own weekdays. All nonstop rows in selected headings transcribed; connecting/through itineraries not counted.
33	delta-467-DFW-SAN-1202-b105	new_schedule	delta	467	DFW	SAN	1202p	1255p	12:02	12:55	0	D	1234567	0	66			1986-02-01	delta-19860201	1986-02-01		1986-02-27	1986-03-01	Accepted: explicit stops=0 row; footnote 4 starts 12 February where present. Each segment retains its own weekdays. All nonstop rows in selected headings transcribed; connecting/through itineraries not counted.
34	delta-359-DFW-SAN-1837-b105	new_schedule	delta	359	DFW	SAN	637p	730p	18:37	19:30	0	D	1234567	0	66			1986-02-01	delta-19860201	1986-02-01		1986-02-27	1986-03-01	Accepted: explicit stops=0 row; footnote 4 starts 12 February where present. Each segment retains its own weekdays. All nonstop rows in selected headings transcribed; connecting/through itineraries not counted.
35	delta-358-SAN-DFW-0800-b105	new_schedule	delta	358	SAN	DFW	800a	1235p	08:00	12:35	0	D	1234567	0	213			1986-02-01	delta-19860201	1986-02-01		1986-02-27	1986-03-01	Accepted: explicit stops=0 row; footnote 4 starts 12 February where present. Each segment retains its own weekdays. All nonstop rows in selected headings transcribed; connecting/through itineraries not counted.
36	delta-466-SAN-DFW-1420-b105	new_schedule	delta	466	SAN	DFW	220p	655p	14:20	18:55	0	D	1234567	0	213			1986-02-01	delta-19860201	1986-02-01		1986-02-27	1986-03-01	Accepted: explicit stops=0 row; footnote 4 starts 12 February where present. Each segment retains its own weekdays. All nonstop rows in selected headings transcribed; connecting/through itineraries not counted.
37	delta-825-DFW-SFO-0830-b105	new_schedule	delta	825	DFW	SFO	830a	1000a	08:30	10:00	0	D	1234567	0	66			1986-02-01	delta-19860201	1986-02-01		1986-02-27	1986-03-01	Accepted: explicit stops=0 row; footnote 4 starts 12 February where present. Each segment retains its own weekdays. All nonstop rows in selected headings transcribed; connecting/through itineraries not counted.
38	delta-89-DFW-SFO-1145-b105	new_schedule	delta	89	DFW	SFO	1145a	115p	11:45	13:15	0	D	1234567	0	66			1986-02-01	delta-19860201	1986-02-01		1986-02-27	1986-03-01	Accepted: explicit stops=0 row; footnote 4 starts 12 February where present. Each segment retains its own weekdays. All nonstop rows in selected headings transcribed; connecting/through itineraries not counted.
39	delta-775-DFW-SFO-1510-b105	new_schedule	delta	775	DFW	SFO	310p	440p	15:10	16:40	0	D	1234567	0	66			1986-02-01	delta-19860201	1986-02-01		1986-02-27	1986-03-01	Accepted: explicit stops=0 row; footnote 4 starts 12 February where present. Each segment retains its own weekdays. All nonstop rows in selected headings transcribed; connecting/through itineraries not counted.
40	delta-43-DFW-SFO-1840-b105	new_schedule	delta	43	DFW	SFO	640p	810p	18:40	20:10	0	D	1234567	0	66			1986-02-01	delta-19860201	1986-02-01		1986-02-27	1986-03-01	Accepted: explicit stops=0 row; footnote 4 starts 12 February where present. Each segment retains its own weekdays. All nonstop rows in selected headings transcribed; connecting/through itineraries not counted.
41	delta-44-SFO-DFW-0720-b105	new_schedule	delta	44	SFO	DFW	720a	1224p	07:20	12:24	0	D	1234567	0	215			1986-02-01	delta-19860201	1986-02-01		1986-02-27	1986-03-01	Accepted: explicit stops=0 row; footnote 4 starts 12 February where present. Each segment retains its own weekdays. All nonstop rows in selected headings transcribed; connecting/through itineraries not counted.
42	delta-830-SFO-DFW-1105-b105	new_schedule	delta	830	SFO	DFW	1105a	413p	11:05	16:13	0	D	1234567	0	215			1986-02-01	delta-19860201	1986-02-01		1986-02-27	1986-03-01	Accepted: explicit stops=0 row; footnote 4 starts 12 February where present. Each segment retains its own weekdays. All nonstop rows in selected headings transcribed; connecting/through itineraries not counted.
43	delta-180-SFO-DFW-1415-b105	new_schedule	delta	180	SFO	DFW	215p	720p	14:15	19:20	0	D	1234567	0	215			1986-02-01	delta-19860201	1986-02-01		1986-02-27	1986-03-01	Accepted: explicit stops=0 row; footnote 4 starts 12 February where present. Each segment retains its own weekdays. All nonstop rows in selected headings transcribed; connecting/through itineraries not counted.
44	delta-852-SFO-DFW-1730-b105	new_schedule	delta	852	SFO	DFW	530p	1035p	17:30	22:35	0	D	1234567	0	215			1986-02-01	delta-19860201	1986-02-01		1986-02-27	1986-03-01	Accepted: explicit stops=0 row; footnote 4 starts 12 February where present. Each segment retains its own weekdays. All nonstop rows in selected headings transcribed; connecting/through itineraries not counted.
45	delta-831-DFW-SEA-1204-b105	new_schedule	delta	831	DFW	SEA	1204p	200p	12:04	14:00	0	D	1234567	0	66			1986-02-01	delta-19860201	1986-02-01		1986-02-27	1986-03-01	Accepted: explicit stops=0 row; footnote 4 starts 12 February where present. Each segment retains its own weekdays. All nonstop rows in selected headings transcribed; connecting/through itineraries not counted.
46	delta-477-DFW-SEA-1849-b105	new_schedule	delta	477	DFW	SEA	649p	845p	18:49	20:45	0	D	1234567	0	66			1986-02-01	delta-19860201	1986-02-01		1986-02-27	1986-03-01	Accepted: explicit stops=0 row; footnote 4 starts 12 February where present. Each segment retains its own weekdays. All nonstop rows in selected headings transcribed; connecting/through itineraries not counted.
47	delta-424-SEA-DFW-0715-b105	new_schedule	delta	424	SEA	DFW	715a	1239p	07:15	12:39	0	D	1234567	0	223			1986-02-01	delta-19860201	1986-02-01		1986-02-27	1986-03-01	Accepted: explicit stops=0 row; footnote 4 starts 12 February where present. Each segment retains its own weekdays. All nonstop rows in selected headings transcribed; connecting/through itineraries not counted.
48	delta-832-SEA-DFW-1220-b105	new_schedule	delta	832	SEA	DFW	1220p	547p	12:20	17:47	0	X6	123457	0	223			1986-02-01	delta-19860201	1986-02-01		1986-02-27	1986-03-01	Accepted: explicit stops=0 row; footnote 4 starts 12 February where present. Each segment retains its own weekdays. All nonstop rows in selected headings transcribed; connecting/through itineraries not counted.
49	delta-874-SEA-DFW-1220-b105	new_schedule	delta	874	SEA	DFW	1220p	547p	12:20	17:47	0	6	6	0	223			1986-02-01	delta-19860201	1986-02-01		1986-02-27	1986-03-01	Accepted: explicit stops=0 row; footnote 4 starts 12 February where present. Each segment retains its own weekdays. All nonstop rows in selected headings transcribed; connecting/through itineraries not counted.
50	delta-1104-DFW-MCI-1150-b105	new_schedule	delta	1104	DFW	MCI	1150a	105p	11:50	13:05	0	D	1234567	0	65			1986-02-01	delta-19860201	1986-02-01		1986-02-27	1986-03-01	Accepted: explicit stops=0 row; footnote 4 starts 12 February where present. Each segment retains its own weekdays. All nonstop rows in selected headings transcribed; connecting/through itineraries not counted.
51	delta-226-DFW-MCI-1510-b105	new_schedule	delta	226	DFW	MCI	310p	425p	15:10	16:25	0	D	1234567	0	65			1986-02-01	delta-19860201	1986-02-01		1986-02-27	1986-03-01	Accepted: explicit stops=0 row; footnote 4 starts 12 February where present. Each segment retains its own weekdays. All nonstop rows in selected headings transcribed; connecting/through itineraries not counted.
52	delta-991-DFW-MCI-1843-b105	new_schedule	delta	991	DFW	MCI	643p	759p	18:43	19:59	0	D	1234567	0	65			1986-02-01	delta-19860201	1986-02-01		1986-02-27	1986-03-01	Accepted: explicit stops=0 row; footnote 4 starts 12 February where present. Each segment retains its own weekdays. All nonstop rows in selected headings transcribed; connecting/through itineraries not counted.
53	delta-931-DFW-MCI-2156-b105	new_schedule	delta	931	DFW	MCI	956p	1110p	21:56	23:10	0	D	1234567	0	65	*		1986-02-01	delta-19860201	1986-02-01		1986-02-27	1986-03-01	Accepted: explicit stops=0 row; footnote 4 starts 12 February where present. Each segment retains its own weekdays. All nonstop rows in selected headings transcribed; connecting/through itineraries not counted.
54	delta-620-MCI-DFW-0950-b105	new_schedule	delta	620	MCI	DFW	950a	1114a	09:50	11:14	0	D	1234567	0	118			1986-02-01	delta-19860201	1986-02-01		1986-02-27	1986-03-01	Accepted: explicit stops=0 row; footnote 4 starts 12 February where present. Each segment retains its own weekdays. All nonstop rows in selected headings transcribed; connecting/through itineraries not counted.
55	delta-971-MCI-DFW-1310-b105	new_schedule	delta	971	MCI	DFW	110p	236p	13:10	14:36	0	D	1234567	0	118			1986-02-01	delta-19860201	1986-02-01		1986-02-27	1986-03-01	Accepted: explicit stops=0 row; footnote 4 starts 12 February where present. Each segment retains its own weekdays. All nonstop rows in selected headings transcribed; connecting/through itineraries not counted.
56	delta-1045-MCI-DFW-1745-b105	new_schedule	delta	1045	MCI	DFW	545p	709p	17:45	19:09	0	D	1234567	0	118			1986-02-01	delta-19860201	1986-02-01		1986-02-27	1986-03-01	Accepted: explicit stops=0 row; footnote 4 starts 12 February where present. Each segment retains its own weekdays. All nonstop rows in selected headings transcribed; connecting/through itineraries not counted.
57	delta-1105-MCI-DFW-1955-b105	new_schedule	delta	1105	MCI	DFW	755p	919p	19:55	21:19	0	D	1234567	0	118	*		1986-02-01	delta-19860201	1986-02-01		1986-02-27	1986-03-01	Accepted: explicit stops=0 row; footnote 4 starts 12 February where present. Each segment retains its own weekdays. All nonstop rows in selected headings transcribed; connecting/through itineraries not counted.
58	delta-1083-DFW-LBB-0843-b105	new_schedule	delta	1083	DFW	LBB	843a	940a	08:43	09:40	0	D	1234567	0	65			1986-02-01	delta-19860201	1986-02-01		1986-02-27	1986-03-01	Accepted: explicit stops=0 row; footnote 4 starts 12 February where present. Each segment retains its own weekdays. All nonstop rows in selected headings transcribed; connecting/through itineraries not counted.
59	delta-1098-DFW-LBB-1528-b105	new_schedule	delta	1098	DFW	LBB	328p	425p	15:28	16:25	0	D	1234567	0	65			1986-02-01	delta-19860201	1986-02-01		1986-02-27	1986-03-01	Accepted: explicit stops=0 row; footnote 4 starts 12 February where present. Each segment retains its own weekdays. All nonstop rows in selected headings transcribed; connecting/through itineraries not counted.
60	delta-961-DFW-LBB-1838-b105	new_schedule	delta	961	DFW	LBB	638p	735p	18:38	19:35	0	D	1234567	0	65			1986-02-01	delta-19860201	1986-02-01		1986-02-27	1986-03-01	Accepted: explicit stops=0 row; footnote 4 starts 12 February where present. Each segment retains its own weekdays. All nonstop rows in selected headings transcribed; connecting/through itineraries not counted.
61	delta-1121-DFW-LBB-2158-b105	new_schedule	delta	1121	DFW	LBB	958p	1055p	21:58	22:55	0	D	1234567	0	65	*		1986-02-01	delta-19860201	1986-02-01		1986-02-27	1986-03-01	Accepted: explicit stops=0 row; footnote 4 starts 12 February where present. Each segment retains its own weekdays. All nonstop rows in selected headings transcribed; connecting/through itineraries not counted.
62	delta-1062-LBB-DFW-0835-b105	new_schedule	delta	1062	LBB	DFW	835a	927a	08:35	09:27	0	D	1234567	0	140			1986-02-01	delta-19860201	1986-02-01		1986-02-27	1986-03-01	Accepted: explicit stops=0 row; footnote 4 starts 12 February where present. Each segment retains its own weekdays. All nonstop rows in selected headings transcribed; connecting/through itineraries not counted.
63	delta-928-LBB-DFW-1135-b105	new_schedule	delta	928	LBB	DFW	1135a	1227p	11:35	12:27	0	D	1234567	0	140			1986-02-01	delta-19860201	1986-02-01		1986-02-27	1986-03-01	Accepted: explicit stops=0 row; footnote 4 starts 12 February where present. Each segment retains its own weekdays. All nonstop rows in selected headings transcribed; connecting/through itineraries not counted.
64	delta-1099-LBB-DFW-1415-b105	new_schedule	delta	1099	LBB	DFW	215p	307p	14:15	15:07	0	D	1234567	0	140			1986-02-01	delta-19860201	1986-02-01		1986-02-27	1986-03-01	Accepted: explicit stops=0 row; footnote 4 starts 12 February where present. Each segment retains its own weekdays. All nonstop rows in selected headings transcribed; connecting/through itineraries not counted.
65	delta-926-LBB-DFW-2135-b105	new_schedule	delta	926	LBB	DFW	935p	1027p	21:35	22:27	0	D	1234567	0	140	*		1986-02-01	delta-19860201	1986-02-01		1986-02-27	1986-03-01	Accepted: explicit stops=0 row; footnote 4 starts 12 February where present. Each segment retains its own weekdays. All nonstop rows in selected headings transcribed; connecting/through itineraries not counted.
66	delta-824-DFW-MSY-0701-b105	new_schedule	delta	824	DFW	MSY	701a	810a	07:01	08:10	0	D	1234567	0	66			1986-02-01	delta-19860201	1986-02-01		1986-02-27	1986-03-01	Accepted: explicit stops=0 row; footnote 4 starts 12 February where present. Each segment retains its own weekdays. All nonstop rows in selected headings transcribed; connecting/through itineraries not counted.
67	delta-1094-DFW-MSY-1025-b105	new_schedule	delta	1094	DFW	MSY	1025a	1137a	10:25	11:37	0	D	1234567	0	66			1986-02-01	delta-19860201	1986-02-01		1986-02-27	1986-03-01	Accepted: explicit stops=0 row; footnote 4 starts 12 February where present. Each segment retains its own weekdays. All nonstop rows in selected headings transcribed; connecting/through itineraries not counted.
68	delta-796-DFW-MSY-1321-b105	new_schedule	delta	796	DFW	MSY	121p	230p	13:21	14:30	0	D	1234567	0	66			1986-02-01	delta-19860201	1986-02-01		1986-02-27	1986-03-01	Accepted: explicit stops=0 row; footnote 4 starts 12 February where present. Each segment retains its own weekdays. All nonstop rows in selected headings transcribed; connecting/through itineraries not counted.
69	delta-510-DFW-MSY-1651-b105	new_schedule	delta	510	DFW	MSY	451p	600p	16:51	18:00	0	D	1234567	0	66			1986-02-01	delta-19860201	1986-02-01		1986-02-27	1986-03-01	Accepted: explicit stops=0 row; footnote 4 starts 12 February where present. Each segment retains its own weekdays. All nonstop rows in selected headings transcribed; connecting/through itineraries not counted.
70	delta-794-DFW-MSY-1956-b105	new_schedule	delta	794	DFW	MSY	756p	905p	19:56	21:05	0	D	1234567	0	66			1986-02-01	delta-19860201	1986-02-01		1986-02-27	1986-03-01	Accepted: explicit stops=0 row; footnote 4 starts 12 February where present. Each segment retains its own weekdays. All nonstop rows in selected headings transcribed; connecting/through itineraries not counted.
71	delta-852-DFW-MSY-2321-b105	new_schedule	delta	852	DFW	MSY	1121p	1230a	23:21	00:30	1	D	1234567	0	66	*		1986-02-01	delta-19860201	1986-02-01		1986-02-27	1986-03-01	Accepted: explicit stops=0 row; footnote 4 starts 12 February where present. Each segment retains its own weekdays. All nonstop rows in selected headings transcribed; connecting/through itineraries not counted.
72	delta-291-MSY-DFW-0640-b105	new_schedule	delta	291	MSY	DFW	640a	758a	06:40	07:58	0	D	1234567	0	170			1986-02-01	delta-19860201	1986-02-01		1986-02-27	1986-03-01	Accepted: explicit stops=0 row; footnote 4 starts 12 February where present. Each segment retains its own weekdays. All nonstop rows in selected headings transcribed; connecting/through itineraries not counted.
73	delta-793-MSY-DFW-0945-b105	new_schedule	delta	793	MSY	DFW	945a	1105a	09:45	11:05	0	D	1234567	0	170			1986-02-01	delta-19860201	1986-02-01		1986-02-27	1986-03-01	Accepted: explicit stops=0 row; footnote 4 starts 12 February where present. Each segment retains its own weekdays. All nonstop rows in selected headings transcribed; connecting/through itineraries not counted.
74	delta-839-MSY-DFW-1300-b105	new_schedule	delta	839	MSY	DFW	100p	218p	13:00	14:18	0	D	1234567	0	170			1986-02-01	delta-19860201	1986-02-01		1986-02-27	1986-03-01	Accepted: explicit stops=0 row; footnote 4 starts 12 February where present. Each segment retains its own weekdays. All nonstop rows in selected headings transcribed; connecting/through itineraries not counted.
75	delta-43-MSY-DFW-1635-b105	new_schedule	delta	43	MSY	DFW	435p	555p	16:35	17:55	0	D	1234567	0	170			1986-02-01	delta-19860201	1986-02-01		1986-02-27	1986-03-01	Accepted: explicit stops=0 row; footnote 4 starts 12 February where present. Each segment retains its own weekdays. All nonstop rows in selected headings transcribed; connecting/through itineraries not counted.
76	delta-527-MSY-DFW-2000-b105	new_schedule	delta	527	MSY	DFW	800p	920p	20:00	21:20	0	D	1234567	0	170			1986-02-01	delta-19860201	1986-02-01		1986-02-27	1986-03-01	Accepted: explicit stops=0 row; footnote 4 starts 12 February where present. Each segment retains its own weekdays. All nonstop rows in selected headings transcribed; connecting/through itineraries not counted.
77	delta-356-DFW-TPA-1009-b105	new_schedule	delta	356	DFW	TPA	1009a	110p	10:09	13:10	0	D	1234567	0	67			1986-02-01	delta-19860201	1986-02-01		1986-02-27	1986-03-01	Accepted: explicit stops=0 row; footnote 4 starts 12 February where present. Each segment retains its own weekdays. All nonstop rows in selected headings transcribed; connecting/through itineraries not counted.
78	delta-234-DFW-TPA-1319-b105	new_schedule	delta	234	DFW	TPA	119p	420p	13:19	16:20	0	D	1234567	0	67			1986-02-01	delta-19860201	1986-02-01		1986-02-27	1986-03-01	Accepted: explicit stops=0 row; footnote 4 starts 12 February where present. Each segment retains its own weekdays. All nonstop rows in selected headings transcribed; connecting/through itineraries not counted.
79	delta-180-DFW-TPA-2004-b105	new_schedule	delta	180	DFW	TPA	804p	1105p	20:04	23:05	0	D	1234567	0	67			1986-02-01	delta-19860201	1986-02-01		1986-02-27	1986-03-01	Accepted: explicit stops=0 row; footnote 4 starts 12 February where present. Each segment retains its own weekdays. All nonstop rows in selected headings transcribed; connecting/through itineraries not counted.
80	delta-89-TPA-DFW-0930-b105	new_schedule	delta	89	TPA	DFW	930a	1053a	09:30	10:53	0	D	1234567	0	230			1986-02-01	delta-19860201	1986-02-01		1986-02-27	1986-03-01	Accepted: explicit stops=0 row; footnote 4 starts 12 February where present. Each segment retains its own weekdays. All nonstop rows in selected headings transcribed; connecting/through itineraries not counted.
81	delta-309-TPA-DFW-1300-b105	new_schedule	delta	309	TPA	DFW	100p	223p	13:00	14:23	0	D	1234567	0	230			1986-02-01	delta-19860201	1986-02-01		1986-02-27	1986-03-01	Accepted: explicit stops=0 row; footnote 4 starts 12 February where present. Each segment retains its own weekdays. All nonstop rows in selected headings transcribed; connecting/through itineraries not counted.
82	delta-759-TPA-DFW-1630-b105	new_schedule	delta	759	TPA	DFW	430p	553p	16:30	17:53	0	D	1234567	0	230			1986-02-01	delta-19860201	1986-02-01		1986-02-27	1986-03-01	Accepted: explicit stops=0 row; footnote 4 starts 12 February where present. Each segment retains its own weekdays. All nonstop rows in selected headings transcribed; connecting/through itineraries not counted.
83	delta-1028-DFW-TUL-0635-b105	new_schedule	delta	1028	DFW	TUL	635a	726a	06:35	07:26	0	D	1234567	0	67			1986-02-01	delta-19860201	1986-02-01		1986-02-27	1986-03-01	Accepted: explicit stops=0 row; footnote 4 starts 12 February where present. Each segment retains its own weekdays. All nonstop rows in selected headings transcribed; connecting/through itineraries not counted.
84	delta-904-DFW-TUL-1205-b105	new_schedule	delta	904	DFW	TUL	1205p	1256p	12:05	12:56	0	D	1234567	0	67			1986-02-01	delta-19860201	1986-02-01		1986-02-27	1986-03-01	Accepted: explicit stops=0 row; footnote 4 starts 12 February where present. Each segment retains its own weekdays. All nonstop rows in selected headings transcribed; connecting/through itineraries not counted.
85	delta-661-DFW-TUL-1509-b105	new_schedule	delta	661	DFW	TUL	309p	400p	15:09	16:00	0	D	1234567	0	67			1986-02-01	delta-19860201	1986-02-01		1986-02-27	1986-03-01	Accepted: explicit stops=0 row; footnote 4 starts 12 February where present. Each segment retains its own weekdays. All nonstop rows in selected headings transcribed; connecting/through itineraries not counted.
86	delta-1078-DFW-TUL-1644-b105	new_schedule	delta	1078	DFW	TUL	444p	535p	16:44	17:35	0	D	1234567	0	67			1986-02-01	delta-19860201	1986-02-01		1986-02-27	1986-03-01	Accepted: explicit stops=0 row; footnote 4 starts 12 February where present. Each segment retains its own weekdays. All nonstop rows in selected headings transcribed; connecting/through itineraries not counted.
87	delta-1074-DFW-TUL-2159-b105	new_schedule	delta	1074	DFW	TUL	959p	1050p	21:59	22:50	0	D	1234567	0	67	*		1986-02-01	delta-19860201	1986-02-01		1986-02-27	1986-03-01	Accepted: explicit stops=0 row; footnote 4 starts 12 February where present. Each segment retains its own weekdays. All nonstop rows in selected headings transcribed; connecting/through itineraries not counted.
88	delta-677-TUL-DFW-1000-b105	new_schedule	delta	677	TUL	DFW	1000a	1059a	10:00	10:59	0	D	1234567	0	238			1986-02-01	delta-19860201	1986-02-01		1986-02-27	1986-03-01	Accepted: explicit stops=0 row; footnote 4 starts 12 February where present. Each segment retains its own weekdays. All nonstop rows in selected headings transcribed; connecting/through itineraries not counted.
89	delta-1053-TUL-DFW-1700-b105	new_schedule	delta	1053	TUL	DFW	500p	559p	17:00	17:59	0	D	1234567	0	238			1986-02-01	delta-19860201	1986-02-01		1986-02-27	1986-03-01	Accepted: explicit stops=0 row; footnote 4 starts 12 February where present. Each segment retains its own weekdays. All nonstop rows in selected headings transcribed; connecting/through itineraries not counted.
90	delta-1027-TUL-DFW-1820-b105	new_schedule	delta	1027	TUL	DFW	620p	719p	18:20	19:19	0	D	1234567	0	238			1986-02-01	delta-19860201	1986-02-01		1986-02-27	1986-03-01	Accepted: explicit stops=0 row; footnote 4 starts 12 February where present. Each segment retains its own weekdays. All nonstop rows in selected headings transcribed; connecting/through itineraries not counted.
91	delta-1159-TUL-DFW-1955-b105	new_schedule	delta	1159	TUL	DFW	755p	854p	19:55	20:54	0	D	1234567	0	238	*		1986-02-01	delta-19860201	1986-02-01		1986-02-27	1986-03-01	Accepted: explicit stops=0 row; footnote 4 starts 12 February where present. Each segment retains its own weekdays. All nonstop rows in selected headings transcribed; connecting/through itineraries not counted.
