flight	origin	destination	departure	arrival	offset	days	page	printed_days	flags
14	ATL	FRA	17:25	07:45	1	1234567	15	daily	none
15	FRA	ATL	11:30	15:20	0	1234567	90	daily	none
10	ATL	LGW	19:05	07:40	1	234567	16	X1	none
11	LGW	ATL	11:00	15:10	0	134567	133	X2	none
20	ATL	ORY	17:35	07:25	1	1356	17	X247	none
21	ORY	ATL	11:30	14:55	0	2467	187	X135	none
504	ATL	BOS	06:47	08:55	0	1234567	14	daily	none
410	ATL	BOS	10:18	12:26	0	1234567	14	daily	none
768	ATL	BOS	13:25	15:38	0	1234567	14	daily	none
74	ATL	BOS	17:13	19:25	0	1234567	14	daily	none
462	ATL	BOS	20:38	22:50	0	1234567	14	daily	none
596	ATL	ORD	06:52	07:35	0	1234567	14	daily	none
532	ATL	ORD	08:37	09:20	0	1234567	14	daily	none
405	ATL	ORD	10:27	11:10	0	1234567	14	daily	none
80	ATL	ORD	13:25	14:10	0	1234567	14	daily	none
218	ATL	ORD	15:20	16:05	0	1234567	14	daily	none
46	ATL	ORD	16:55	17:40	0	1234567	14	daily	none
372	ATL	ORD	18:42	19:25	0	1234567	14	daily	none
120	ATL	ORD	20:32	21:14	0	1234567	14	daily	none
220	ATL	ORD	23:12	23:50	0	1234567	14	daily	none
53	ATL	LAX	08:53	10:25	0	1234567	16	daily	none
41	ATL	LAX	12:04	13:45	0	1234567	16	daily	none
145	ATL	LAX	15:43	17:15	0	1234567	16	daily	none
55	ATL	LAX	18:53	20:25	0	1234567	16	daily	none
449	ATL	MIA	06:44	08:20	0	1234567	16	daily	none
455	ATL	MIA	08:37	10:10	0	67	16	67	none
132	ATL	MIA	10:25	12:01	0	1234567	16	daily	none
495	ATL	MIA	11:49	13:25	0	1234567	16	daily	none
715	ATL	MIA	15:24	17:00	0	1234567	16	daily	none
129	ATL	MIA	17:14	18:50	0	1234567	16	daily	none
867	ATL	MIA	20:39	22:15	0	1234567	16	daily	none
954	ATL	MSP	08:53	10:20	0	123456	16	X7	none
340	ATL	MSP	13:25	14:52	0	1234567	16	daily	none
980	ATL	MSP	18:48	20:15	0	1234567	16	daily	none
151	ATL	SFO	09:00	10:55	0	1234567	17	daily	none
97	ATL	SFO	15:35	17:30	0	1234567	17	daily	none
99	ATL	SFO	18:55	20:50	0	1234567	17	daily	none
835	ATL	SEA	09:01	11:15	0	1234567	17	daily	none
157	ATL	SEA	18:56	21:10	0	1234567	17	daily	none
