source_row	schedule	action	airline	flight	origin	destination	printed_page	printed_departure	printed_arrival	departure_local	arrival_local	arrival_day_offset	printed_frequency	decoded_days	printed_stops_or_via	printed_misc_symbol	footnote	source	row_effective_from	row_effective_to	import_valid_from	import_valid_to	decision_note
1	delta-1099-AMA-LBB-1325-b113	new_schedule	delta	1099	AMA	LBB	10	125p	151p	13:25	13:51	0	D	1234567	0	-	-	delta-19860201	1986-02-01		1986-02-27	1986-03-01	Visually reviewed explicit nonstop row. D encodes blank/daily. Through and connecting rows excluded.
2	delta-926-AMA-LBB-2045-b113	new_schedule	delta	926	AMA	LBB	10	845p	911p	20:45	21:11	0	D	1234567	0	-	-	delta-19860201	1986-02-01		1986-02-27	1986-03-01	Visually reviewed explicit nonstop row. D encodes blank/daily. Through and connecting rows excluded.
3	delta-1098-LBB-AMA-1650-b113	new_schedule	delta	1098	LBB	AMA	140	450p	518p	16:50	17:18	0	D	1234567	0	-	-	delta-19860201	1986-02-01		1986-02-27	1986-03-01	Visually reviewed explicit nonstop row. D encodes blank/daily. Through and connecting rows excluded.
4	delta-1121-LBB-AMA-2315-b113	new_schedule	delta	1121	LBB	AMA	140	1115p	1143p	23:15	23:43	0	D	1234567	0	star	-	delta-19860201	1986-02-01		1986-02-27	1986-03-01	Visually reviewed explicit nonstop row. D encodes blank/daily. Through and connecting rows excluded.
5	delta-342-FWA-TOL-1520-b113	new_schedule	delta	342	FWA	TOL	90	320p	345p	15:20	15:45	0	D	1234567	0	-	-	delta-19860201	1986-02-01		1986-02-27	1986-03-01	Visually reviewed explicit nonstop row. D encodes blank/daily. Through and connecting rows excluded.
6	delta-252-TOL-FWA-1215-b113	new_schedule	delta	252	TOL	FWA	234	1215p	1238p	12:15	12:38	0	D	1234567	0	-	-	delta-19860201	1986-02-01		1986-02-27	1986-03-01	Visually reviewed explicit nonstop row. D encodes blank/daily. Through and connecting rows excluded.
7	delta-1028-TUL-OKC-0746-b113	new_schedule	delta	1028	TUL	OKC	239	746a	822a	07:46	08:22	0	D	1234567	0	-	-	delta-19860201	1986-02-01		1986-02-27	1986-03-01	Visually reviewed explicit nonstop row. D encodes blank/daily. Through and connecting rows excluded.
8	delta-1156-DFW-LIT-1643-b113	new_schedule	delta	1156	DFW	LIT	65	443p	538p	16:43	17:38	0	D	1234567	0	-	-	delta-19860201	1986-02-01		1986-02-27	1986-03-01	Visually reviewed explicit nonstop row. D encodes blank/daily. Through and connecting rows excluded.
9	delta-475-ATL-AUS-MUELLER-1848-b113	new_schedule	delta	475	ATL	AUS-MUELLER	14	648p	755p	18:48	19:55	0	D	1234567	0	-	-	delta-19860201	1986-02-01		1986-02-27	1986-03-01	Visually reviewed explicit nonstop row. D encodes blank/daily. Through and connecting rows excluded.
10	delta-705-ATL-LIT-1146-b113	new_schedule	delta	705	ATL	LIT	16	1146a	1210p	11:46	12:10	0	D	1234567	0	-	-	delta-19860201	1986-02-01		1986-02-27	1986-03-01	Visually reviewed explicit nonstop row. D encodes blank/daily. Through and connecting rows excluded.
11	delta-44-DFW-MCO-1321-b113	new_schedule	delta	44	DFW	MCO	66	121p	425p	13:21	16:25	0	D	1234567	0	-	-	delta-19860201	1986-02-01		1986-02-27	1986-03-01	Visually reviewed explicit nonstop row. D encodes blank/daily. Through and connecting rows excluded.
12	delta-287-BDL-PHL-1620-b113	new_schedule	delta	287	BDL	PHL	101	420p	514p	16:20	17:14	0	D	1234567	0	-	-	delta-19860201	1986-02-01		1986-02-27	1986-03-01	Visually reviewed explicit nonstop row. D encodes blank/daily. Through and connecting rows excluded.
13	delta-807-JAX-PBI-0035-b113	new_schedule	delta	807	JAX	PBI	117	1235a	127a	00:35	01:27	0	D	1234567	0	star	-	delta-19860201	1986-02-01		1986-02-27	1986-03-01	Visually reviewed explicit nonstop row. D encodes blank/daily. Through and connecting rows excluded.
14	delta-88-ATL-BDA-1207-b113	new_schedule	delta	88	ATL	BDA	14	1207p	330p	12:07	15:30	0	D	1234567	0	-	-	delta-19860201	1986-02-01		1986-02-27	1986-03-01	Visually reviewed explicit nonstop row. D encodes blank/daily. Through and connecting rows excluded.
15	delta-85-BDA-ATL-1310-b113	new_schedule	delta	85	BDA	ATL	27	110p	318p	13:10	15:18	0	D	1234567	0	-	-	delta-19860201	1986-02-01		1986-02-27	1986-03-01	Visually reviewed explicit nonstop row. D encodes blank/daily. Through and connecting rows excluded.
16	delta-63-BOS-BDA-0855-b113	new_schedule	delta	63	BOS	BDA	31	855a	1155a	08:55	11:55	0	D	1234567	0	-	-	delta-19860201	1986-02-01		1986-02-27	1986-03-01	Visually reviewed explicit nonstop row. D encodes blank/daily. Through and connecting rows excluded.
17	delta-62-BDA-BOS-1640-b113	new_schedule	delta	62	BDA	BOS	27	440p	540p	16:40	17:40	0	D	1234567	0	-	-	delta-19860201	1986-02-01		1986-02-27	1986-03-01	Visually reviewed explicit nonstop row. D encodes blank/daily. Through and connecting rows excluded.
18	delta-40-ATL-SJU-0710-b113	new_schedule	delta	40	ATL	SJU	17	710a	1115a	07:10	11:15	0	D	1234567	0	star	-	delta-19860201	1986-02-01		1986-02-27	1986-03-01	Visually reviewed explicit nonstop row. D encodes blank/daily. Through and connecting rows excluded.
19	delta-45-ATL-SJU-1155-b113	new_schedule	delta	45	ATL	SJU	17	1155a	400p	11:55	16:00	0	D	1234567	0	-	-	delta-19860201	1986-02-01		1986-02-27	1986-03-01	Visually reviewed explicit nonstop row. D encodes blank/daily. Through and connecting rows excluded.
20	delta-771-ATL-SJU-1352-b113	new_schedule	delta	771	ATL	SJU	17	152p	600p	13:52	18:00	0	6	6	0	-	-	delta-19860201	1986-02-01		1986-02-27	1986-03-01	Visually reviewed explicit nonstop row. D encodes blank/daily. Through and connecting rows excluded.
21	delta-46-SJU-ATL-1310-b113	new_schedule	delta	46	SJU	ATL	216	110p	347p	13:10	15:47	0	D	1234567	0	-	-	delta-19860201	1986-02-01		1986-02-27	1986-03-01	Visually reviewed explicit nonstop row. D encodes blank/daily. Through and connecting rows excluded.
22	delta-96-SJU-ATL-1705-b113	new_schedule	delta	96	SJU	ATL	216	505p	742p	17:05	19:42	0	D	1234567	0	star	-	delta-19860201	1986-02-01		1986-02-27	1986-03-01	Visually reviewed explicit nonstop row. D encodes blank/daily. Through and connecting rows excluded.
23	delta-770-SJU-ATL-1915-b113	new_schedule	delta	770	SJU	ATL	216	715p	952p	19:15	21:52	0	6	6	0	star	-	delta-19860201	1986-02-01		1986-02-27	1986-03-01	Visually reviewed explicit nonstop row. D encodes blank/daily. Through and connecting rows excluded.
24	delta-22-DFW-FRA-1705-b113	new_schedule	delta	22	DFW	FRA	65	505p	925a	17:05	09:25	1	5	5	0	-	3	delta-19860201	1986-02-28	1986-03-07	1986-02-28	1986-03-01	Visually reviewed explicit nonstop row. D encodes blank/daily. Through and connecting rows excluded.
25	delta-23-FRA-DFW-1010-b113	new_schedule	delta	23	FRA	DFW	90	1010a	135p	10:10	13:35	0	6	6	0	-	5	delta-19860201	1986-03-01	1986-03-08	1986-03-01	1986-03-01	Visually reviewed explicit nonstop row. D encodes blank/daily. Through and connecting rows excluded.
