source_row	schedule	action	airline	flight	origin	destination	departure_local	departure_reading_options	arrival_local	arrival_day_offset	printed_frequency	decoded_days	printed_stops	printed_page	footnote	source	source_effective_from	source_effective_to	import_valid_from	import_valid_to	decision_note
1	delta-1085-ATL-AUS-MUELLER-1156-b63	new_schedule	delta	1085	ATL	AUS-MUELLER	11:56		13:15	0		1234567	0	14		delta-19860201	1986-02-01		1986-02-27	1986-03-01	
2		withheld_ambiguous_minutes	delta	475	ATL	AUS-MUELLER	18:46	18:46|18:48	19:55	0		1234567	0	14		delta-19860201	1986-02-01				Departure minute digits are not sufficiently clear in the scan; visual/OCR readings differ. No movement imported.
3	delta-504-ATL-BOS-0647	already_imported	delta	504	ATL	BOS	06:47		08:55	0		1234567	0	14		delta-19860201	1986-02-01		1986-02-26	1986-03-01	
4	delta-410-ATL-BOS-1018	already_imported	delta	410	ATL	BOS	10:18		12:26	0		1234567	0	14		delta-19860201	1986-02-01		1986-02-26	1986-03-01	
5	delta-768-ATL-BOS-1325	already_imported	delta	768	ATL	BOS	13:25		15:38	0		1234567	0	14		delta-19860201	1986-02-01		1986-02-26	1986-03-01	
6	delta-74-ATL-BOS-1713	already_imported	delta	74	ATL	BOS	17:13		19:25	0		1234567	0	14		delta-19860201	1986-02-01		1986-02-26	1986-03-01	
7	delta-462-ATL-BOS-2038	already_imported	delta	462	ATL	BOS	20:38		22:50	0		1234567	0	14		delta-19860201	1986-02-01		1986-02-26	1986-03-01	
8	delta-596-ATL-ORD-0652	already_imported	delta	596	ATL	ORD	06:52		07:35	0		1234567	0	14		delta-19860201	1986-02-01		1986-02-26	1986-03-01	
9	delta-532-ATL-ORD-0837	already_imported	delta	532	ATL	ORD	08:37		09:20	0		1234567	0	14		delta-19860201	1986-02-01		1986-02-26	1986-03-01	
10	delta-405-ATL-ORD-1027	already_imported	delta	405	ATL	ORD	10:27		11:10	0		1234567	0	14		delta-19860201	1986-02-01		1986-02-26	1986-03-01	
11	delta-80-ATL-ORD-1325	already_imported	delta	80	ATL	ORD	13:25		14:10	0		1234567	0	14		delta-19860201	1986-02-01		1986-02-26	1986-03-01	
12	delta-218-ATL-ORD-1520	already_imported	delta	218	ATL	ORD	15:20		16:05	0		1234567	0	14		delta-19860201	1986-02-01		1986-02-26	1986-03-01	
13	delta-46-ATL-ORD-1655	already_imported	delta	46	ATL	ORD	16:55		17:40	0		1234567	0	14		delta-19860201	1986-02-01		1986-02-26	1986-03-01	
14	delta-372-ATL-ORD-1842	already_imported	delta	372	ATL	ORD	18:42		19:25	0		1234567	0	14		delta-19860201	1986-02-01		1986-02-26	1986-03-01	
15	delta-120-ATL-ORD-2032	already_imported	delta	120	ATL	ORD	20:32		21:14	0		1234567	0	14		delta-19860201	1986-02-01		1986-02-26	1986-03-01	
16	delta-220-ATL-ORD-2312	already_imported	delta	220	ATL	ORD	23:12		23:50	0		1234567	0	14		delta-19860201	1986-02-01		1986-02-26	1986-03-01	
17	delta-223-ATL-DFW-0842-b63	new_schedule	delta	223	ATL	DFW	08:42		09:47	0		1234567	0	15		delta-19860201	1986-02-01		1986-02-27	1986-03-01	
18	delta-148-ATL-DFW-1018-b63	new_schedule	delta	148	ATL	DFW	10:18		11:24	0		1234567	0	15		delta-19860201	1986-02-01		1986-02-27	1986-03-01	
19	delta-543-ATL-DFW-1147-b63	new_schedule	delta	543	ATL	DFW	11:47		12:52	0		1234567	0	15		delta-19860201	1986-02-01		1986-02-27	1986-03-01	
20	delta-137-ATL-DFW-1249-b63	new_schedule	delta	137	ATL	DFW	12:49		13:55	0	5	5	0	15	3	delta-19860201	1986-02-28	1986-03-07	1986-02-28	1986-03-01	
21	delta-737-ATL-DFW-1325-b63	new_schedule	delta	737	ATL	DFW	13:25		14:30	0		1234567	0	15		delta-19860201	1986-02-01		1986-02-27	1986-03-01	
22	delta-365-ATL-DFW-1515-b63	new_schedule	delta	365	ATL	DFW	15:15		16:20	0		1234567	0	15		delta-19860201	1986-02-01		1986-02-27	1986-03-01	
23	delta-747-ATL-DFW-1650-b63	new_schedule	delta	747	ATL	DFW	16:50		17:56	0		1234567	0	15		delta-19860201	1986-02-01		1986-02-27	1986-03-01	
24	delta-555-ATL-DFW-1843-b63	new_schedule	delta	555	ATL	DFW	18:43		19:48	0		1234567	0	15		delta-19860201	1986-02-01		1986-02-27	1986-03-01	
25	delta-130-ATL-DFW-2020-b63	new_schedule	delta	130	ATL	DFW	20:20		21:24	0		1234567	0	15		delta-19860201	1986-02-01		1986-02-27	1986-03-01	
26	delta-865-ATL-DFW-2303-b63	new_schedule	delta	865	ATL	DFW	23:03		00:05	1		1234567	0	15		delta-19860201	1986-02-01		1986-02-27	1986-03-01	
27	delta-587-ATL-DEN-STAPLETON-0857-b63	new_schedule	delta	587	ATL	DEN-STAPLETON	08:57		10:05	0		1234567	0	15		delta-19860201	1986-02-01		1986-02-27	1986-03-01	
28	delta-301-ATL-DEN-STAPLETON-1202-b63	new_schedule	delta	301	ATL	DEN-STAPLETON	12:02		13:10	0		1234567	0	15		delta-19860201	1986-02-01		1986-02-27	1986-03-01	
29	delta-237-ATL-DEN-STAPLETON-1527-b63	new_schedule	delta	237	ATL	DEN-STAPLETON	15:27		16:35	0		1234567	0	15		delta-19860201	1986-02-01		1986-02-27	1986-03-01	
30	delta-424-ATL-DEN-STAPLETON-1851-b63	new_schedule	delta	424	ATL	DEN-STAPLETON	18:51		19:59	0		1234567	0	15		delta-19860201	1986-02-01		1986-02-27	1986-03-01	
31	delta-782-ATL-DTW-1024-b63	new_schedule	delta	782	ATL	DTW	10:24		11:59	0		1234567	0	15		delta-19860201	1986-02-01		1986-02-27	1986-03-01	
32	delta-790-ATL-DTW-1342-b63	new_schedule	delta	790	ATL	DTW	13:42		15:20	0		1234567	0	15		delta-19860201	1986-02-01		1986-02-27	1986-03-01	
33	delta-346-ATL-DTW-1702-b63	new_schedule	delta	346	ATL	DTW	17:02		18:40	0		1234567	0	15		delta-19860201	1986-02-01		1986-02-27	1986-03-01	
34	delta-96-ATL-DTW-2045-b63	new_schedule	delta	96	ATL	DTW	20:45		22:20	0		1234567	0	15		delta-19860201	1986-02-01		1986-02-27	1986-03-01	
35	delta-760-ATL-DTW-2312-b63	new_schedule	delta	760	ATL	DTW	23:12		00:45	1		1234567	0	15		delta-19860201	1986-02-01		1986-02-27	1986-03-01	
36	delta-342-ATL-FWA-1333-b63	new_schedule	delta	342	ATL	FWA	13:33		14:55	0		1234567	0	15		delta-19860201	1986-02-01		1986-02-27	1986-03-01	
37	delta-25-ATL-HNL-1202-b63	new_schedule	delta	25	ATL	HNL	12:02		16:50	0	X15	23467	0	15		delta-19860201	1986-02-01		1986-02-27	1986-03-01	
38	delta-627-ATL-IAH-1153-b63	new_schedule	delta	627	ATL	IAH	11:53		12:50	0		1234567	0	15		delta-19860201	1986-02-01		1986-02-27	1986-03-01	
39	delta-239-ATL-IAH-0848-b63	new_schedule	delta	239	ATL	IAH	08:48		09:45	0		1234567	0	15		delta-19860201	1986-02-01		1986-02-27	1986-03-01	
40	delta-419-ATL-IAH-1520-b63	new_schedule	delta	419	ATL	IAH	15:20		16:15	0		1234567	0	15		delta-19860201	1986-02-01		1986-02-27	1986-03-01	
41	delta-351-ATL-IAH-1700-b63	new_schedule	delta	351	ATL	IAH	17:00		17:55	0		1234567	0	15		delta-19860201	1986-02-01		1986-02-27	1986-03-01	
42	delta-101-ATL-IAH-2035-b63	new_schedule	delta	101	ATL	IAH	20:35		21:30	0		1234567	0	15		delta-19860201	1986-02-01		1986-02-27	1986-03-01	
43	delta-499-ATL-IAH-2300-b63	new_schedule	delta	499	ATL	IAH	23:00		23:50	0		1234567	0	15		delta-19860201	1986-02-01		1986-02-27	1986-03-01	
44	delta-297-ATL-HOU-1329-b63	new_schedule	delta	297	ATL	HOU	13:29		14:35	0		1234567	0	15		delta-19860201	1986-02-01		1986-02-27	1986-03-01	
45	delta-282-ATL-HOU-1019-b63	new_schedule	delta	282	ATL	HOU	10:19		11:25	0		1234567	0	15		delta-19860201	1986-02-01		1986-02-27	1986-03-01	
46	delta-347-ATL-HOU-1844-b63	new_schedule	delta	347	ATL	HOU	18:44		19:50	0		1234567	0	15		delta-19860201	1986-02-01		1986-02-27	1986-03-01	
47	delta-620-ATL-MCI-0833-b63	new_schedule	delta	620	ATL	MCI	08:33		09:30	0		1234567	0	15		delta-19860201	1986-02-01		1986-02-27	1986-03-01	
48	delta-971-ATL-MCI-1147-b63	new_schedule	delta	971	ATL	MCI	11:47		12:50	0		1234567	0	15		delta-19860201	1986-02-01		1986-02-27	1986-03-01	
49	delta-1064-ATL-MCI-1601-b63	new_schedule	delta	1064	ATL	MCI	16:01		16:58	0		1234567	0	15		delta-19860201	1986-02-01		1986-02-27	1986-03-01	
50	delta-1105-ATL-MCI-1835-b63	new_schedule	delta	1105	ATL	MCI	18:35		19:32	0		1234567	0	15		delta-19860201	1986-02-01		1986-02-27	1986-03-01	
51	delta-773-ATL-LAS-0900-b63	new_schedule	delta	773	ATL	LAS	09:00		10:15	0		1234567	0	16		delta-19860201	1986-02-01		1986-02-27	1986-03-01	
52		withheld_ambiguous_minutes	delta	705	ATL	LIT	11:48	11:46|11:48	12:10	0		1234567	0	16		delta-19860201	1986-02-01				Departure minute digits are not sufficiently clear in the scan; visual/OCR readings differ. No movement imported.
53	delta-329-ATL-LIT-1603-b63	new_schedule	delta	329	ATL	LIT	16:03		16:25	0		1234567	0	16		delta-19860201	1986-02-01		1986-02-27	1986-03-01	
54	delta-671-ATL-LIT-1844-b63	new_schedule	delta	671	ATL	LIT	18:44		19:10	0		1234567	0	16		delta-19860201	1986-02-01		1986-02-27	1986-03-01	
55	delta-53-ATL-LAX-0853	already_imported	delta	53	ATL	LAX	08:53		10:25	0		1234567	0	16		delta-19860201	1986-02-01		1986-02-26	1986-03-01	
56	delta-41-ATL-LAX-1204	already_imported	delta	41	ATL	LAX	12:04		13:45	0		1234567	0	16		delta-19860201	1986-02-01		1986-02-26	1986-03-01	
57	delta-145-ATL-LAX-1543	already_imported	delta	145	ATL	LAX	15:43		17:15	0		1234567	0	16		delta-19860201	1986-02-01		1986-02-26	1986-03-01	
58	delta-55-ATL-LAX-1853	already_imported	delta	55	ATL	LAX	18:53		20:25	0		1234567	0	16		delta-19860201	1986-02-01		1986-02-26	1986-03-01	
59		excluded_future_effective	delta	181	ATL	LAX	23:06		00:45	1		1234567	0	16	6	delta-19860201	1986-03-02				Footnote 6: effective 2 March 1986, after the research window.
60	delta-449-ATL-MIA-0644	already_imported	delta	449	ATL	MIA	06:44		08:20	0		1234567	0	16		delta-19860201	1986-02-01		1986-02-26	1986-03-01	
61	delta-455-ATL-MIA-0837	already_imported	delta	455	ATL	MIA	08:37		10:10	0	67	67	0	16		delta-19860201	1986-02-01		1986-02-26	1986-03-01	
62	delta-132-ATL-MIA-1025	already_imported	delta	132	ATL	MIA	10:25		12:01	0		1234567	0	16		delta-19860201	1986-02-01		1986-02-26	1986-03-01	
63	delta-495-ATL-MIA-1149	already_imported	delta	495	ATL	MIA	11:49		13:25	0		1234567	0	16		delta-19860201	1986-02-01		1986-02-26	1986-03-01	
64	delta-715-ATL-MIA-1524	already_imported	delta	715	ATL	MIA	15:24		17:00	0		1234567	0	16		delta-19860201	1986-02-01		1986-02-26	1986-03-01	
65	delta-129-ATL-MIA-1714	already_imported	delta	129	ATL	MIA	17:14		18:50	0		1234567	0	16		delta-19860201	1986-02-01		1986-02-26	1986-03-01	
66	delta-867-ATL-MIA-2039	already_imported	delta	867	ATL	MIA	20:39		22:15	0		1234567	0	16		delta-19860201	1986-02-01		1986-02-26	1986-03-01	
67	delta-954-ATL-MSP-0853	already_imported	delta	954	ATL	MSP	08:53		10:20	0	X7	123456	0	16		delta-19860201	1986-02-01		1986-02-26	1986-03-01	
68	delta-340-ATL-MSP-1325	already_imported	delta	340	ATL	MSP	13:25		14:52	0		1234567	0	16		delta-19860201	1986-02-01		1986-02-26	1986-03-01	
69	delta-980-ATL-MSP-1848	already_imported	delta	980	ATL	MSP	18:48		20:15	0		1234567	0	16		delta-19860201	1986-02-01		1986-02-26	1986-03-01	
70	delta-793-ATL-MSY-0843-b63	new_schedule	delta	793	ATL	MSY	08:43		09:05	0		1234567	0	16		delta-19860201	1986-02-01		1986-02-27	1986-03-01	
71	delta-839-ATL-MSY-1204-b63	new_schedule	delta	839	ATL	MSY	12:04		12:25	0		1234567	0	16		delta-19860201	1986-02-01		1986-02-27	1986-03-01	
72	delta-43-ATL-MSY-1528-b63	new_schedule	delta	43	ATL	MSY	15:28		15:50	0		1234567	0	16		delta-19860201	1986-02-01		1986-02-27	1986-03-01	
73	delta-385-ATL-MSY-1649-b63	new_schedule	delta	385	ATL	MSY	16:49		17:10	0		1234567	0	16		delta-19860201	1986-02-01		1986-02-27	1986-03-01	
74	delta-453-ATL-MSY-1844-b63	new_schedule	delta	453	ATL	MSY	18:44		19:05	0		1234567	0	16		delta-19860201	1986-02-01		1986-02-27	1986-03-01	
75	delta-951-ATL-MSY-2259-b63	new_schedule	delta	951	ATL	MSY	22:59		23:09	0		1234567	0	16		delta-19860201	1986-02-01		1986-02-27	1986-03-01	
76	delta-693-ATL-OKC-0849-b63	new_schedule	delta	693	ATL	OKC	08:49		09:55	0		1234567	0	16		delta-19860201	1986-02-01		1986-02-27	1986-03-01	
77	delta-915-ATL-OKC-1210-b63	new_schedule	delta	915	ATL	OKC	12:10		13:20	0		1234567	0	16		delta-19860201	1986-02-01		1986-02-27	1986-03-01	
78	delta-1081-ATL-OKC-1849-b63	new_schedule	delta	1081	ATL	OKC	18:49		19:59	0		1234567	0	16		delta-19860201	1986-02-01		1986-02-27	1986-03-01	
79	delta-861-ATL-ONT-1855-b63	new_schedule	delta	861	ATL	ONT	18:55		20:30	0		1234567	0	16		delta-19860201	1986-02-01		1986-02-27	1986-03-01	
80	delta-248-ATL-PHL-1018-b63	new_schedule	delta	248	ATL	PHL	10:18		11:55	0		1234567	0	17		delta-19860201	1986-02-01		1986-02-27	1986-03-01	
81	delta-838-ATL-PHL-1325-b63	new_schedule	delta	838	ATL	PHL	13:25		15:07	0		1234567	0	17		delta-19860201	1986-02-01		1986-02-27	1986-03-01	
82	delta-776-ATL-PHL-1710-b63	new_schedule	delta	776	ATL	PHL	17:10		18:55	0		1234567	0	17		delta-19860201	1986-02-01		1986-02-27	1986-03-01	
83	delta-332-ATL-PHL-1850-b63	new_schedule	delta	332	ATL	PHL	18:50		20:27	0	X6	123457	0	17		delta-19860201	1986-02-01		1986-02-27	1986-03-01	
84	delta-748-ATL-PHL-2035-b63	new_schedule	delta	748	ATL	PHL	20:35		22:20	0		1234567	0	17		delta-19860201	1986-02-01		1986-02-27	1986-03-01	
85	delta-256-ATL-PHL-2309-b63	new_schedule	delta	256	ATL	PHL	23:09		00:45	1		1234567	0	17		delta-19860201	1986-02-01		1986-02-27	1986-03-01	
86	delta-369-ATL-PHX-0905-b63	new_schedule	delta	369	ATL	PHX	09:05		10:59	0		1234567	0	17		delta-19860201	1986-02-01		1986-02-27	1986-03-01	
87	delta-343-ATL-PHX-1859-b63	new_schedule	delta	343	ATL	PHX	18:59		20:53	0		1234567	0	17		delta-19860201	1986-02-01		1986-02-27	1986-03-01	
88	delta-629-ATL-STL-0844-b63	new_schedule	delta	629	ATL	STL	08:44		09:15	0	X7	123456	0	17		delta-19860201	1986-02-01		1986-02-27	1986-03-01	
89	delta-616-ATL-STL-1149-b63	new_schedule	delta	616	ATL	STL	11:49		12:20	0		1234567	0	17		delta-19860201	1986-02-01		1986-02-27	1986-03-01	
90	delta-1083-ATL-STL-1704-b63	new_schedule	delta	1083	ATL	STL	17:04		17:35	0		1234567	0	17		delta-19860201	1986-02-01		1986-02-27	1986-03-01	
91	delta-634-ATL-STL-1839-b63	new_schedule	delta	634	ATL	STL	18:39		19:10	0		1234567	0	17		delta-19860201	1986-02-01		1986-02-27	1986-03-01	
92	delta-377-ATL-SAT-0837-b63	new_schedule	delta	377	ATL	SAT	08:37		09:55	0		1234567	0	17		delta-19860201	1986-02-01		1986-02-27	1986-03-01	
93	delta-939-ATL-SAT-1147-b63	new_schedule	delta	939	ATL	SAT	11:47		13:15	0		1234567	0	17		delta-19860201	1986-02-01		1986-02-27	1986-03-01	
94	delta-535-ATL-SAT-1852-b63	new_schedule	delta	535	ATL	SAT	18:52		20:10	0		1234567	0	17		delta-19860201	1986-02-01		1986-02-27	1986-03-01	
95	delta-423-ATL-SAN-0837-b63	new_schedule	delta	423	ATL	SAN	08:37		10:00	0		1234567	0	17		delta-19860201	1986-02-01		1986-02-27	1986-03-01	
96	delta-151-ATL-SFO-0900	already_imported	delta	151	ATL	SFO	09:00		10:55	0		1234567	0	17		delta-19860201	1986-02-01		1986-02-26	1986-03-01	
97	delta-97-ATL-SFO-1535	already_imported	delta	97	ATL	SFO	15:35		17:30	0		1234567	0	17		delta-19860201	1986-02-01		1986-02-26	1986-03-01	
98	delta-99-ATL-SFO-1855	already_imported	delta	99	ATL	SFO	18:55		20:50	0		1234567	0	17		delta-19860201	1986-02-01		1986-02-26	1986-03-01	
99	delta-835-ATL-SEA-0901	already_imported	delta	835	ATL	SEA	09:01		11:15	0		1234567	0	17		delta-19860201	1986-02-01		1986-02-26	1986-03-01	
100	delta-157-ATL-SEA-1856	already_imported	delta	157	ATL	SEA	18:56		21:10	0		1234567	0	17		delta-19860201	1986-02-01		1986-02-26	1986-03-01	
101	delta-659-ATL-TPA-0706-b63	new_schedule	delta	659	ATL	TPA	07:06		08:20	0		1234567	0	17		delta-19860201	1986-02-01		1986-02-27	1986-03-01	
102	delta-79-ATL-TPA-0851-b63	new_schedule	delta	79	ATL	TPA	08:51		10:05	0		1234567	0	17		delta-19860201	1986-02-01		1986-02-27	1986-03-01	
103	delta-503-ATL-TPA-1155-b63	new_schedule	delta	503	ATL	TPA	11:55		13:10	0		1234567	0	17		delta-19860201	1986-02-01		1986-02-27	1986-03-01	
104	delta-185-ATL-TPA-1355-b63	new_schedule	delta	185	ATL	TPA	13:55		15:10	0		1234567	0	17		delta-19860201	1986-02-01		1986-02-27	1986-03-01	
105	delta-485-ATL-TPA-1518-b63	new_schedule	delta	485	ATL	TPA	15:18		16:30	0		1234567	0	17		delta-19860201	1986-02-01		1986-02-27	1986-03-01	
106	delta-459-ATL-TPA-1648-b63	new_schedule	delta	459	ATL	TPA	16:48		18:00	0		1234567	0	17		delta-19860201	1986-02-01		1986-02-27	1986-03-01	
107	delta-727-ATL-TPA-1840-b63	new_schedule	delta	727	ATL	TPA	18:40		19:55	0		1234567	0	17		delta-19860201	1986-02-01		1986-02-27	1986-03-01	
108	delta-465-ATL-TPA-2040-b63	new_schedule	delta	465	ATL	TPA	20:40		21:55	0		1234567	0	17		delta-19860201	1986-02-01		1986-02-27	1986-03-01	
109	delta-141-ATL-TPA-2306-b63	new_schedule	delta	141	ATL	TPA	23:06		00:15	1		1234567	0	17		delta-19860201	1986-02-01		1986-02-27	1986-03-01	
110	delta-252-ATL-TOL-1020-b63	new_schedule	delta	252	ATL	TOL	10:20		11:50	0		1234567	0	17		delta-19860201	1986-02-01		1986-02-27	1986-03-01	
111	delta-444-ATL-TOL-2040-b63	new_schedule	delta	444	ATL	TOL	20:40		22:10	0		1234567	0	17		delta-19860201	1986-02-01		1986-02-27	1986-03-01	
112	delta-677-ATL-TUL-0842-b63	new_schedule	delta	677	ATL	TUL	08:42		09:35	0		1234567	0	17		delta-19860201	1986-02-01		1986-02-27	1986-03-01	
113	delta-1053-ATL-TUL-1535-b63	new_schedule	delta	1053	ATL	TUL	15:35		16:35	0		1234567	0	17		delta-19860201	1986-02-01		1986-02-27	1986-03-01	
114	delta-1159-ATL-TUL-1837-b63	new_schedule	delta	1159	ATL	TUL	18:37		19:30	0		1234567	0	17		delta-19860201	1986-02-01		1986-02-27	1986-03-01	
115	delta-724-ATL-DCA-0645-b63	new_schedule	delta	724	ATL	DCA	06:45		08:05	0	X7	123456	0	17		delta-19860201	1986-02-01		1986-02-27	1986-03-01	
116	delta-364-ATL-DCA-0837-b63	new_schedule	delta	364	ATL	DCA	08:37		10:05	0		1234567	0	17		delta-19860201	1986-02-01		1986-02-27	1986-03-01	
117	delta-726-ATL-DCA-1020-b63	new_schedule	delta	726	ATL	DCA	10:20		11:50	0		1234567	0	17		delta-19860201	1986-02-01		1986-02-27	1986-03-01	
118	delta-100-ATL-DCA-1157-b63	new_schedule	delta	100	ATL	DCA	11:57		13:25	0		1234567	0	17		delta-19860201	1986-02-01		1986-02-27	1986-03-01	
119	delta-736-ATL-DCA-1335-b63	new_schedule	delta	736	ATL	DCA	13:35		15:05	0		1234567	0	17		delta-19860201	1986-02-01		1986-02-27	1986-03-01	
120	delta-378-ATL-DCA-1531-b63	new_schedule	delta	378	ATL	DCA	15:31		16:59	0		1234567	0	18		delta-19860201	1986-02-01		1986-02-27	1986-03-01	
121	delta-784-ATL-DCA-1705-b63	new_schedule	delta	784	ATL	DCA	17:05		18:35	0		1234567	0	18		delta-19860201	1986-02-01		1986-02-27	1986-03-01	
122	delta-546-ATL-DCA-1932-b63	new_schedule	delta	546	ATL	DCA	19:32		21:00	0		1234567	0	18		delta-19860201	1986-02-01		1986-02-27	1986-03-01	
123	delta-704-ATL-DCA-2025-b63	new_schedule	delta	704	ATL	DCA	20:25		21:55	0		1234567	0	18		delta-19860201	1986-02-01		1986-02-27	1986-03-01	
