source_row	schedule	action	airline	flight	origin	destination	printed_departure	printed_arrival	departure_local	arrival_local	arrival_day_offset	printed_frequency	decoded_days	printed_stops_or_via	printed_page	printed_misc_symbol	footnote	source	row_effective_from	row_effective_to	source_effective_from	source_effective_to	import_valid_from	import_valid_to	decision_note
1	delta-857-BDL-FLL-0800-b111	new_schedule	delta	857	BDL	FLL	800a	1046a	08:00	10:46	0	D	1234567	0	100	-		delta-19860201	1986-02-01		1986-02-01		1986-02-27	1986-03-01	Explicit stops=0 row, visually reviewed. Delta mainline. Each leg retains its own weekdays. Footnote 4 starts 12 February; footnote 14 ends 1 March inclusive. Both are valid throughout import dates. Through rows and connections excluded.
2	delta-777-BDL-FLL-1310-b111	new_schedule	delta	777	BDL	FLL	110p	356p	13:10	15:56	0	D	1234567	0	100	-	4	delta-19860201	1986-02-12		1986-02-01		1986-02-27	1986-03-01	Explicit stops=0 row, visually reviewed. Delta mainline. Each leg retains its own weekdays. Footnote 4 starts 12 February; footnote 14 ends 1 March inclusive. Both are valid throughout import dates. Through rows and connections excluded.
3	delta-483-BDL-MCO-0800-b111	new_schedule	delta	483	BDL	MCO	800a	1036a	08:00	10:36	0	D	1234567	0	101	-		delta-19860201	1986-02-01		1986-02-01		1986-02-27	1986-03-01	Explicit stops=0 row, visually reviewed. Delta mainline. Each leg retains its own weekdays. Footnote 4 starts 12 February; footnote 14 ends 1 March inclusive. Both are valid throughout import dates. Through rows and connections excluded.
4	delta-437-BDL-TPA-0920-b111	new_schedule	delta	437	BDL	TPA	920a	1201p	09:20	12:01	0	D	1234567	0	101	-		delta-19860201	1986-02-01		1986-02-01		1986-02-27	1986-03-01	Explicit stops=0 row, visually reviewed. Delta mainline. Each leg retains its own weekdays. Footnote 4 starts 12 February; footnote 14 ends 1 March inclusive. Both are valid throughout import dates. Through rows and connections excluded.
5	delta-609-BDL-PBI-1505-b111	new_schedule	delta	609	BDL	PBI	305p	546p	15:05	17:46	0	D	1234567	0	101	-	4	delta-19860201	1986-02-12		1986-02-01		1986-02-27	1986-03-01	Explicit stops=0 row, visually reviewed. Delta mainline. Each leg retains its own weekdays. Footnote 4 starts 12 February; footnote 14 ends 1 March inclusive. Both are valid throughout import dates. Through rows and connections excluded.
6	delta-474-FLL-BDL-1140-b111	new_schedule	delta	474	FLL	BDL	1140a	215p	11:40	14:15	0	D	1234567	0	82	-	4	delta-19860201	1986-02-12		1986-02-01		1986-02-27	1986-03-01	Explicit stops=0 row, visually reviewed. Delta mainline. Each leg retains its own weekdays. Footnote 4 starts 12 February; footnote 14 ends 1 March inclusive. Both are valid throughout import dates. Through rows and connections excluded.
7	delta-538-FLL-BDL-1830-b111	new_schedule	delta	538	FLL	BDL	630p	908p	18:30	21:08	0	D	1234567	0	82	-		delta-19860201	1986-02-01		1986-02-01		1986-02-27	1986-03-01	Explicit stops=0 row, visually reviewed. Delta mainline. Each leg retains its own weekdays. Footnote 4 starts 12 February; footnote 14 ends 1 March inclusive. Both are valid throughout import dates. Through rows and connections excluded.
8	delta-496-MCO-BDL-0900-b111	new_schedule	delta	496	MCO	BDL	900a	1120a	09:00	11:20	0	D	1234567	0	183	-		delta-19860201	1986-02-01		1986-02-01		1986-02-27	1986-03-01	Explicit stops=0 row, visually reviewed. Delta mainline. Each leg retains its own weekdays. Footnote 4 starts 12 February; footnote 14 ends 1 March inclusive. Both are valid throughout import dates. Through rows and connections excluded.
9	delta-446-MCO-BDL-1820-b111	new_schedule	delta	446	MCO	BDL	620p	840p	18:20	20:40	0	D	1234567	0	183	-		delta-19860201	1986-02-01		1986-02-01		1986-02-27	1986-03-01	Explicit stops=0 row, visually reviewed. Delta mainline. Each leg retains its own weekdays. Footnote 4 starts 12 February; footnote 14 ends 1 March inclusive. Both are valid throughout import dates. Through rows and connections excluded.
10	delta-826-TPA-BDL-1855-b111	new_schedule	delta	826	TPA	BDL	655p	916p	18:55	21:16	0	D	1234567	0	231	-		delta-19860201	1986-02-01		1986-02-01		1986-02-27	1986-03-01	Explicit stops=0 row, visually reviewed. Delta mainline. Each leg retains its own weekdays. Footnote 4 starts 12 February; footnote 14 ends 1 March inclusive. Both are valid throughout import dates. Through rows and connections excluded.
11	delta-608-PBI-BDL-1220-b111	new_schedule	delta	608	PBI	BDL	1220p	250p	12:20	14:50	0	D	1234567	0	248	-	4	delta-19860201	1986-02-12		1986-02-01		1986-02-27	1986-03-01	Explicit stops=0 row, visually reviewed. Delta mainline. Each leg retains its own weekdays. Footnote 4 starts 12 February; footnote 14 ends 1 March inclusive. Both are valid throughout import dates. Through rows and connections excluded.
12	delta-488-ORD-BOS-0855-b111	new_schedule	delta	488	ORD	BOS	855a	1154a	08:55	11:54	0	X7	123456	0	46	-		delta-19860201	1986-02-01		1986-02-01		1986-02-27	1986-03-01	Explicit stops=0 row, visually reviewed. Delta mainline. Each leg retains its own weekdays. Footnote 4 starts 12 February; footnote 14 ends 1 March inclusive. Both are valid throughout import dates. Through rows and connections excluded.
13	delta-246-ORD-BOS-1200-b111	new_schedule	delta	246	ORD	BOS	1200n	259p	12:00	14:59	0	D	1234567	0	46	-		delta-19860201	1986-02-01		1986-02-01		1986-02-27	1986-03-01	Explicit stops=0 row, visually reviewed. Delta mainline. Each leg retains its own weekdays. Footnote 4 starts 12 February; footnote 14 ends 1 March inclusive. Both are valid throughout import dates. Through rows and connections excluded.
14	delta-598-ORD-BOS-1600-b111	new_schedule	delta	598	ORD	BOS	400p	659p	16:00	18:59	0	X6	123457	0	46	-		delta-19860201	1986-02-01		1986-02-01		1986-02-27	1986-03-01	Explicit stops=0 row, visually reviewed. Delta mainline. Each leg retains its own weekdays. Footnote 4 starts 12 February; footnote 14 ends 1 March inclusive. Both are valid throughout import dates. Through rows and connections excluded.
15	delta-576-ORD-BOS-1700-b111	new_schedule	delta	576	ORD	BOS	500p	759p	17:00	19:59	0	6	6	0	46	-		delta-19860201	1986-02-01		1986-02-01		1986-02-27	1986-03-01	Explicit stops=0 row, visually reviewed. Delta mainline. Each leg retains its own weekdays. Footnote 4 starts 12 February; footnote 14 ends 1 March inclusive. Both are valid throughout import dates. Through rows and connections excluded.
16	delta-289-BOS-ORD-0856-b111	new_schedule	delta	289	BOS	ORD	856a	1015a	08:56	10:15	0	D	1234567	0	31	-		delta-19860201	1986-02-01		1986-02-01		1986-02-27	1986-03-01	Explicit stops=0 row, visually reviewed. Delta mainline. Each leg retains its own weekdays. Footnote 4 starts 12 February; footnote 14 ends 1 March inclusive. Both are valid throughout import dates. Through rows and connections excluded.
17	delta-687-BOS-ORD-0955-b111	new_schedule	delta	687	BOS	ORD	955a	1114a	09:55	11:14	0	D	1234567	0	31	-		delta-19860201	1986-02-01		1986-02-01		1986-02-27	1986-03-01	Explicit stops=0 row, visually reviewed. Delta mainline. Each leg retains its own weekdays. Footnote 4 starts 12 February; footnote 14 ends 1 March inclusive. Both are valid throughout import dates. Through rows and connections excluded.
18	delta-245-BOS-ORD-1550-b111	new_schedule	delta	245	BOS	ORD	350p	509p	15:50	17:09	0	D	1234567	0	31	-		delta-19860201	1986-02-01		1986-02-01		1986-02-27	1986-03-01	Explicit stops=0 row, visually reviewed. Delta mainline. Each leg retains its own weekdays. Footnote 4 starts 12 February; footnote 14 ends 1 March inclusive. Both are valid throughout import dates. Through rows and connections excluded.
19	delta-599-BOS-ORD-1951-b111	new_schedule	delta	599	BOS	ORD	751p	910p	19:51	21:10	0	X6	123457	0	31	-		delta-19860201	1986-02-01		1986-02-01		1986-02-27	1986-03-01	Explicit stops=0 row, visually reviewed. Delta mainline. Each leg retains its own weekdays. Footnote 4 starts 12 February; footnote 14 ends 1 March inclusive. Both are valid throughout import dates. Through rows and connections excluded.
20	delta-372-ORD-DTW-1955-b111	new_schedule	delta	372	ORD	DTW	755p	941p	19:55	21:41	0	D	1234567	0	47	-		delta-19860201	1986-02-01		1986-02-01		1986-02-27	1986-03-01	Explicit stops=0 row, visually reviewed. Delta mainline. Each leg retains its own weekdays. Footnote 4 starts 12 February; footnote 14 ends 1 March inclusive. Both are valid throughout import dates. Through rows and connections excluded.
21	delta-563-DTW-ORD-0820-b111	new_schedule	delta	563	DTW	ORD	820a	818a	08:20	08:18	0	D	1234567	0	73	-		delta-19860201	1986-02-01		1986-02-01		1986-02-27	1986-03-01	Explicit stops=0 row, visually reviewed. Delta mainline. Each leg retains its own weekdays. Footnote 4 starts 12 February; footnote 14 ends 1 March inclusive. Both are valid throughout import dates. Through rows and connections excluded.
22	delta-235-ORD-FLL-0843-b111	new_schedule	delta	235	ORD	FLL	843a	1220p	08:43	12:20	0	D	1234567	0	47	-		delta-19860201	1986-02-01		1986-02-01		1986-02-27	1986-03-01	Explicit stops=0 row, visually reviewed. Delta mainline. Each leg retains its own weekdays. Footnote 4 starts 12 February; footnote 14 ends 1 March inclusive. Both are valid throughout import dates. Through rows and connections excluded.
23	delta-711-ORD-FLL-1614-b111	new_schedule	delta	711	ORD	FLL	414p	751p	16:14	19:51	0	D	1234567	0	47	-		delta-19860201	1986-02-01		1986-02-01		1986-02-27	1986-03-01	Explicit stops=0 row, visually reviewed. Delta mainline. Each leg retains its own weekdays. Footnote 4 starts 12 February; footnote 14 ends 1 March inclusive. Both are valid throughout import dates. Through rows and connections excluded.
24	delta-458-FLL-ORD-1215-b111	new_schedule	delta	458	FLL	ORD	1215p	205p	12:15	14:05	0	D	1234567	0	82	-		delta-19860201	1986-02-01		1986-02-01		1986-02-27	1986-03-01	Explicit stops=0 row, visually reviewed. Delta mainline. Each leg retains its own weekdays. Footnote 4 starts 12 February; footnote 14 ends 1 March inclusive. Both are valid throughout import dates. Through rows and connections excluded.
25	delta-602-FLL-ORD-1645-b111	new_schedule	delta	602	FLL	ORD	445p	635p	16:45	18:35	0	D	1234567	0	82	-		delta-19860201	1986-02-01		1986-02-01		1986-02-27	1986-03-01	Explicit stops=0 row, visually reviewed. Delta mainline. Each leg retains its own weekdays. Footnote 4 starts 12 February; footnote 14 ends 1 March inclusive. Both are valid throughout import dates. Through rows and connections excluded.
26	delta-269-ORD-MIA-0835-b111	new_schedule	delta	269	ORD	MIA	835a	1219pM	08:35	12:19	0	D	1234567	0	48	-		delta-19860201	1986-02-01		1986-02-01		1986-02-27	1986-03-01	Explicit stops=0 row, visually reviewed. Delta mainline. Each leg retains its own weekdays. Footnote 4 starts 12 February; footnote 14 ends 1 March inclusive. Both are valid throughout import dates. Through rows and connections excluded.
27	delta-270-MIA-ORD-1315-b111	new_schedule	delta	270	MIA	ORD	115pM	312p	13:15	15:12	0	D	1234567	0	150	-		delta-19860201	1986-02-01		1986-02-01		1986-02-27	1986-03-01	Explicit stops=0 row, visually reviewed. Delta mainline. Each leg retains its own weekdays. Footnote 4 starts 12 February; footnote 14 ends 1 March inclusive. Both are valid throughout import dates. Through rows and connections excluded.
28	delta-207-ORD-MCO-0837-b111	new_schedule	delta	207	ORD	MCO	837a	1155a	08:37	11:55	0	D	1234567	0	48	-		delta-19860201	1986-02-01		1986-02-01		1986-02-27	1986-03-01	Explicit stops=0 row, visually reviewed. Delta mainline. Each leg retains its own weekdays. Footnote 4 starts 12 February; footnote 14 ends 1 March inclusive. Both are valid throughout import dates. Through rows and connections excluded.
29	delta-431-ORD-MCO-1300-b111	new_schedule	delta	431	ORD	MCO	100p	418p	13:00	16:18	0	D	1234567	0	48	-		delta-19860201	1986-02-01		1986-02-01		1986-02-27	1986-03-01	Explicit stops=0 row, visually reviewed. Delta mainline. Each leg retains its own weekdays. Footnote 4 starts 12 February; footnote 14 ends 1 March inclusive. Both are valid throughout import dates. Through rows and connections excluded.
30	delta-816-MCO-ORD-1400-b111	new_schedule	delta	816	MCO	ORD	200p	330p	14:00	15:30	0	D	1234567	0	183	-		delta-19860201	1986-02-01		1986-02-01		1986-02-27	1986-03-01	Explicit stops=0 row, visually reviewed. Delta mainline. Each leg retains its own weekdays. Footnote 4 starts 12 February; footnote 14 ends 1 March inclusive. Both are valid throughout import dates. Through rows and connections excluded.
31	delta-876-MCO-ORD-1940-b111	new_schedule	delta	876	MCO	ORD	740p	910p	19:40	21:10	0	D	1234567	0	183	-		delta-19860201	1986-02-01		1986-02-01		1986-02-27	1986-03-01	Explicit stops=0 row, visually reviewed. Delta mainline. Each leg retains its own weekdays. Footnote 4 starts 12 February; footnote 14 ends 1 March inclusive. Both are valid throughout import dates. Through rows and connections excluded.
32	delta-285-ORD-TPA-0910-b111	new_schedule	delta	285	ORD	TPA	910a	1231p	09:10	12:31	0	D	1234567	0	49	-		delta-19860201	1986-02-01		1986-02-01		1986-02-27	1986-03-01	Explicit stops=0 row, visually reviewed. Delta mainline. Each leg retains its own weekdays. Footnote 4 starts 12 February; footnote 14 ends 1 March inclusive. Both are valid throughout import dates. Through rows and connections excluded.
33	delta-279-ORD-TPA-1759-b111	new_schedule	delta	279	ORD	TPA	559p	920p	17:59	21:20	0	D	1234567	0	49	-		delta-19860201	1986-02-01		1986-02-01		1986-02-27	1986-03-01	Explicit stops=0 row, visually reviewed. Delta mainline. Each leg retains its own weekdays. Footnote 4 starts 12 February; footnote 14 ends 1 March inclusive. Both are valid throughout import dates. Through rows and connections excluded.
34	delta-480-TPA-ORD-1105-b111	new_schedule	delta	480	TPA	ORD	1105a	1231p	11:05	12:31	0	D	1234567	0	230	-		delta-19860201	1986-02-01		1986-02-01		1986-02-27	1986-03-01	Explicit stops=0 row, visually reviewed. Delta mainline. Each leg retains its own weekdays. Footnote 4 starts 12 February; footnote 14 ends 1 March inclusive. Both are valid throughout import dates. Through rows and connections excluded.
35	delta-284-TPA-ORD-1935-b111	new_schedule	delta	284	TPA	ORD	735p	859p	19:35	20:59	0	D	1234567	0	230	-		delta-19860201	1986-02-01		1986-02-01		1986-02-27	1986-03-01	Explicit stops=0 row, visually reviewed. Delta mainline. Each leg retains its own weekdays. Footnote 4 starts 12 February; footnote 14 ends 1 March inclusive. Both are valid throughout import dates. Through rows and connections excluded.
36	delta-203-ORD-PBI-1024-b111	new_schedule	delta	203	ORD	PBI	1024a	200p	10:24	14:00	0	D	1234567	0	49	-		delta-19860201	1986-02-01		1986-02-01		1986-02-27	1986-03-01	Explicit stops=0 row, visually reviewed. Delta mainline. Each leg retains its own weekdays. Footnote 4 starts 12 February; footnote 14 ends 1 March inclusive. Both are valid throughout import dates. Through rows and connections excluded.
37	delta-204-PBI-ORD-1450-b111	new_schedule	delta	204	PBI	ORD	250p	437p	14:50	16:37	0	D	1234567	0	248	-		delta-19860201	1986-02-01		1986-02-01		1986-02-27	1986-03-01	Explicit stops=0 row, visually reviewed. Delta mainline. Each leg retains its own weekdays. Footnote 4 starts 12 February; footnote 14 ends 1 March inclusive. Both are valid throughout import dates. Through rows and connections excluded.
38	delta-391-ORD-MSP-0700-b111	new_schedule	delta	391	ORD	MSP	700a	806a	07:00	08:06	0	D	1234567	0	48	-	14	delta-19860201	1986-02-01	1986-03-01	1986-02-01		1986-02-27	1986-03-01	Explicit stops=0 row, visually reviewed. Delta mainline. Each leg retains its own weekdays. Footnote 4 starts 12 February; footnote 14 ends 1 March inclusive. Both are valid throughout import dates. Through rows and connections excluded.
39	delta-458-ORD-MSP-1435-b111	new_schedule	delta	458	ORD	MSP	235p	341p	14:35	15:41	0	D	1234567	0	48	-		delta-19860201	1986-02-01		1986-02-01		1986-02-27	1986-03-01	Explicit stops=0 row, visually reviewed. Delta mainline. Each leg retains its own weekdays. Footnote 4 starts 12 February; footnote 14 ends 1 March inclusive. Both are valid throughout import dates. Through rows and connections excluded.
40	delta-204-ORD-MSP-1708-b111	new_schedule	delta	204	ORD	MSP	508p	614p	17:08	18:14	0	D	1234567	0	48	-		delta-19860201	1986-02-01		1986-02-01		1986-02-27	1986-03-01	Explicit stops=0 row, visually reviewed. Delta mainline. Each leg retains its own weekdays. Footnote 4 starts 12 February; footnote 14 ends 1 March inclusive. Both are valid throughout import dates. Through rows and connections excluded.
41	delta-203-MSP-ORD-0850-b111	new_schedule	delta	203	MSP	ORD	850a	953a	08:50	09:53	0	D	1234567	0	155	-		delta-19860201	1986-02-01		1986-02-01		1986-02-27	1986-03-01	Explicit stops=0 row, visually reviewed. Delta mainline. Each leg retains its own weekdays. Footnote 4 starts 12 February; footnote 14 ends 1 March inclusive. Both are valid throughout import dates. Through rows and connections excluded.
42	delta-387-MSP-ORD-1535-b111	new_schedule	delta	387	MSP	ORD	335p	438p	15:35	16:38	0	D	1234567	0	155	-		delta-19860201	1986-02-01		1986-02-01		1986-02-27	1986-03-01	Explicit stops=0 row, visually reviewed. Delta mainline. Each leg retains its own weekdays. Footnote 4 starts 12 February; footnote 14 ends 1 March inclusive. Both are valid throughout import dates. Through rows and connections excluded.
43	delta-997-MSP-ORD-1859-b111	new_schedule	delta	997	MSP	ORD	659p	802p	18:59	20:02	0	D	1234567	0	155	-		delta-19860201	1986-02-01		1986-02-01		1986-02-27	1986-03-01	Explicit stops=0 row, visually reviewed. Delta mainline. Each leg retains its own weekdays. Footnote 4 starts 12 February; footnote 14 ends 1 March inclusive. Both are valid throughout import dates. Through rows and connections excluded.
44	delta-641-ORD-MSY-1055-b111	new_schedule	delta	641	ORD	MSY	1055a	1257p	10:55	12:57	0	D	1234567	0	48	-		delta-19860201	1986-02-01		1986-02-01		1986-02-27	1986-03-01	Explicit stops=0 row, visually reviewed. Delta mainline. Each leg retains its own weekdays. Footnote 4 starts 12 February; footnote 14 ends 1 March inclusive. Both are valid throughout import dates. Through rows and connections excluded.
45	delta-1141-ORD-MSY-1435-b111	new_schedule	delta	1141	ORD	MSY	235p	437p	14:35	16:37	0	D	1234567	0	48	-		delta-19860201	1986-02-01		1986-02-01		1986-02-27	1986-03-01	Explicit stops=0 row, visually reviewed. Delta mainline. Each leg retains its own weekdays. Footnote 4 starts 12 February; footnote 14 ends 1 March inclusive. Both are valid throughout import dates. Through rows and connections excluded.
46	delta-527-ORD-MSY-1733-b111	new_schedule	delta	527	ORD	MSY	533p	735p	17:33	19:35	0	D	1234567	0	48	-		delta-19860201	1986-02-01		1986-02-01		1986-02-27	1986-03-01	Explicit stops=0 row, visually reviewed. Delta mainline. Each leg retains its own weekdays. Footnote 4 starts 12 February; footnote 14 ends 1 March inclusive. Both are valid throughout import dates. Through rows and connections excluded.
47	delta-938-MSY-ORD-0730-b111	new_schedule	delta	938	MSY	ORD	730a	938a	07:30	09:38	0	D	1234567	0	170	-		delta-19860201	1986-02-01		1986-02-01		1986-02-27	1986-03-01	Explicit stops=0 row, visually reviewed. Delta mainline. Each leg retains its own weekdays. Footnote 4 starts 12 February; footnote 14 ends 1 March inclusive. Both are valid throughout import dates. Through rows and connections excluded.
48	delta-526-MSY-ORD-1100-b111	new_schedule	delta	526	MSY	ORD	1100a	108p	11:00	13:08	0	D	1234567	0	170	-		delta-19860201	1986-02-01		1986-02-01		1986-02-27	1986-03-01	Explicit stops=0 row, visually reviewed. Delta mainline. Each leg retains its own weekdays. Footnote 4 starts 12 February; footnote 14 ends 1 March inclusive. Both are valid throughout import dates. Through rows and connections excluded.
49	delta-528-MSY-ORD-1830-b111	new_schedule	delta	528	MSY	ORD	630p	836p	18:30	20:36	0	D	1234567	0	170	-		delta-19860201	1986-02-01		1986-02-01		1986-02-27	1986-03-01	Explicit stops=0 row, visually reviewed. Delta mainline. Each leg retains its own weekdays. Footnote 4 starts 12 February; footnote 14 ends 1 March inclusive. Both are valid throughout import dates. Through rows and connections excluded.
50	delta-644-ORD-JFK-1214-b111	new_schedule	delta	644	ORD	JFK	1214p	300pJ	12:14	15:00	0	D	1234567	0	48	-		delta-19860201	1986-02-01		1986-02-01		1986-02-27	1986-03-01	Explicit stops=0 row, visually reviewed. Delta mainline. Each leg retains its own weekdays. Footnote 4 starts 12 February; footnote 14 ends 1 March inclusive. Both are valid throughout import dates. Through rows and connections excluded.
51	delta-559-DTW-FLL-0850-b111	new_schedule	delta	559	DTW	FLL	850a	1126a	08:50	11:26	0	D	1234567	0	73	-		delta-19860201	1986-02-01		1986-02-01		1986-02-27	1986-03-01	Explicit stops=0 row, visually reviewed. Delta mainline. Each leg retains its own weekdays. Footnote 4 starts 12 February; footnote 14 ends 1 March inclusive. Both are valid throughout import dates. Through rows and connections excluded.
52	delta-326-FLL-DTW-1310-b111	new_schedule	delta	326	FLL	DTW	110p	350p	13:10	15:50	0	D	1234567	0	82	-		delta-19860201	1986-02-01		1986-02-01		1986-02-27	1986-03-01	Explicit stops=0 row, visually reviewed. Delta mainline. Each leg retains its own weekdays. Footnote 4 starts 12 February; footnote 14 ends 1 March inclusive. Both are valid throughout import dates. Through rows and connections excluded.
53	delta-501-DTW-MIA-0900-b111	new_schedule	delta	501	DTW	MIA	900a	1142aM	09:00	11:42	0	67	67	0	74	-		delta-19860201	1986-02-01		1986-02-01		1986-02-27	1986-03-01	Explicit stops=0 row, visually reviewed. Delta mainline. Each leg retains its own weekdays. Footnote 4 starts 12 February; footnote 14 ends 1 March inclusive. Both are valid throughout import dates. Through rows and connections excluded.
54	delta-554-MIA-DTW-1330-b111	new_schedule	delta	554	MIA	DTW	130pM	420p	13:30	16:20	0	6	6	0	151	-		delta-19860201	1986-02-01		1986-02-01		1986-02-27	1986-03-01	Explicit stops=0 row, visually reviewed. Delta mainline. Each leg retains its own weekdays. Footnote 4 starts 12 February; footnote 14 ends 1 March inclusive. Both are valid throughout import dates. Through rows and connections excluded.
55	delta-367-DTW-MCO-1335-b111	new_schedule	delta	367	DTW	MCO	135p	349p	13:35	15:49	0	D	1234567	0	75	-	4	delta-19860201	1986-02-12		1986-02-01		1986-02-27	1986-03-01	Explicit stops=0 row, visually reviewed. Delta mainline. Each leg retains its own weekdays. Footnote 4 starts 12 February; footnote 14 ends 1 March inclusive. Both are valid throughout import dates. Through rows and connections excluded.
56	delta-368-MCO-DTW-1635-b111	new_schedule	delta	368	MCO	DTW	435p	655p	16:35	18:55	0	D	1234567	0	183	-	4	delta-19860201	1986-02-12		1986-02-01		1986-02-27	1986-03-01	Explicit stops=0 row, visually reviewed. Delta mainline. Each leg retains its own weekdays. Footnote 4 starts 12 February; footnote 14 ends 1 March inclusive. Both are valid throughout import dates. Through rows and connections excluded.
57	delta-355-DTW-TPA-0800-b111	new_schedule	delta	355	DTW	TPA	800a	1016a	08:00	10:16	0	D	1234567	0	75	-		delta-19860201	1986-02-01		1986-02-01		1986-02-27	1986-03-01	Explicit stops=0 row, visually reviewed. Delta mainline. Each leg retains its own weekdays. Footnote 4 starts 12 February; footnote 14 ends 1 March inclusive. Both are valid throughout import dates. Through rows and connections excluded.
58	delta-607-DTW-TPA-1515-b111	new_schedule	delta	607	DTW	TPA	315p	531p	15:15	17:31	0	D	1234567	0	75	-	4	delta-19860201	1986-02-12		1986-02-01		1986-02-27	1986-03-01	Explicit stops=0 row, visually reviewed. Delta mainline. Each leg retains its own weekdays. Footnote 4 starts 12 February; footnote 14 ends 1 March inclusive. Both are valid throughout import dates. Through rows and connections excluded.
59	delta-606-TPA-DTW-1205-b111	new_schedule	delta	606	TPA	DTW	1205p	222p	12:05	14:22	0	D	1234567	0	230	-	4	delta-19860201	1986-02-12		1986-02-01		1986-02-27	1986-03-01	Explicit stops=0 row, visually reviewed. Delta mainline. Each leg retains its own weekdays. Footnote 4 starts 12 February; footnote 14 ends 1 March inclusive. Both are valid throughout import dates. Through rows and connections excluded.
60	delta-206-TPA-DTW-1850-b111	new_schedule	delta	206	TPA	DTW	650p	907p	18:50	21:07	0	D	1234567	0	230	-		delta-19860201	1986-02-01		1986-02-01		1986-02-27	1986-03-01	Explicit stops=0 row, visually reviewed. Delta mainline. Each leg retains its own weekdays. Footnote 4 starts 12 February; footnote 14 ends 1 March inclusive. Both are valid throughout import dates. Through rows and connections excluded.
61	delta-611-DTW-PBI-0900-b111	new_schedule	delta	611	DTW	PBI	900a	1131a	09:00	11:31	0	D	1234567	0	75	-	4	delta-19860201	1986-02-12		1986-02-01		1986-02-27	1986-03-01	Explicit stops=0 row, visually reviewed. Delta mainline. Each leg retains its own weekdays. Footnote 4 starts 12 February; footnote 14 ends 1 March inclusive. Both are valid throughout import dates. Through rows and connections excluded.
62	delta-610-PBI-DTW-1835-b111	new_schedule	delta	610	PBI	DTW	635p	910p	18:35	21:10	0	D	1234567	0	248	-	4	delta-19860201	1986-02-12		1986-02-01		1986-02-27	1986-03-01	Explicit stops=0 row, visually reviewed. Delta mainline. Each leg retains its own weekdays. Footnote 4 starts 12 February; footnote 14 ends 1 March inclusive. Both are valid throughout import dates. Through rows and connections excluded.
63	delta-596-FLL-MCO-0340-b111	new_schedule	delta	596	FLL	MCO	340a	423a	03:40	04:23	0	D	1234567	0	83	*		delta-19860201	1986-02-01		1986-02-01		1986-02-27	1986-03-01	Explicit stops=0 row, visually reviewed. Delta mainline. Each leg retains its own weekdays. Footnote 4 starts 12 February; footnote 14 ends 1 March inclusive. Both are valid throughout import dates. Through rows and connections excluded.
64	delta-261-MCO-FLL-0030-b111	new_schedule	delta	261	MCO	FLL	1230a	115a	00:30	01:15	0	D	1234567	0	183	*		delta-19860201	1986-02-01		1986-02-01		1986-02-27	1986-03-01	Explicit stops=0 row, visually reviewed. Delta mainline. Each leg retains its own weekdays. Footnote 4 starts 12 February; footnote 14 ends 1 March inclusive. Both are valid throughout import dates. Through rows and connections excluded.
65	delta-91-FLL-TPA-0700-b111	new_schedule	delta	91	FLL	TPA	700a	747a	07:00	07:47	0	D	1234567	0	83	-		delta-19860201	1986-02-01		1986-02-01		1986-02-27	1986-03-01	Explicit stops=0 row, visually reviewed. Delta mainline. Each leg retains its own weekdays. Footnote 4 starts 12 February; footnote 14 ends 1 March inclusive. Both are valid throughout import dates. Through rows and connections excluded.
66	delta-141-TPA-MIA-0055-b111	new_schedule	delta	141	TPA	MIA	1255a	140aM	00:55	01:40	0	D	1234567	0	231	*		delta-19860201	1986-02-01		1986-02-01		1986-02-27	1986-03-01	Explicit stops=0 row, visually reviewed. Delta mainline. Each leg retains its own weekdays. Footnote 4 starts 12 February; footnote 14 ends 1 March inclusive. Both are valid throughout import dates. Through rows and connections excluded.
67	delta-1091-MCO-MSY-1215-b111	new_schedule	delta	1091	MCO	MSY	1215p	1254p	12:15	12:54	0	D	1234567	0	184	-		delta-19860201	1986-02-01		1986-02-01		1986-02-27	1986-03-01	Explicit stops=0 row, visually reviewed. Delta mainline. Each leg retains its own weekdays. Footnote 4 starts 12 February; footnote 14 ends 1 March inclusive. Both are valid throughout import dates. Through rows and connections excluded.
68	delta-510-MSY-MCO-1825-b111	new_schedule	delta	510	MSY	MCO	625p	846p	18:25	20:46	0	D	1234567	0	172	-		delta-19860201	1986-02-01		1986-02-01		1986-02-27	1986-03-01	Explicit stops=0 row, visually reviewed. Delta mainline. Each leg retains its own weekdays. Footnote 4 starts 12 February; footnote 14 ends 1 March inclusive. Both are valid throughout import dates. Through rows and connections excluded.
69	delta-91-TPA-MSY-0830-b111	new_schedule	delta	91	TPA	MSY	830a	858a	08:30	08:58	0	D	1234567	0	231	-		delta-19860201	1986-02-01		1986-02-01		1986-02-27	1986-03-01	Explicit stops=0 row, visually reviewed. Delta mainline. Each leg retains its own weekdays. Footnote 4 starts 12 February; footnote 14 ends 1 March inclusive. Both are valid throughout import dates. Through rows and connections excluded.
70	delta-826-MSY-TPA-1607-b111	new_schedule	delta	826	MSY	TPA	407p	620p	16:07	18:20	0	D	1234567	0	172	-		delta-19860201	1986-02-01		1986-02-01		1986-02-27	1986-03-01	Explicit stops=0 row, visually reviewed. Delta mainline. Each leg retains its own weekdays. Footnote 4 starts 12 February; footnote 14 ends 1 March inclusive. Both are valid throughout import dates. Through rows and connections excluded.
71	delta-516-MIA-TPA-0330-b111	new_schedule	delta	516	MIA	TPA	330aM	414a	03:30	04:14	0	D	1234567	0	153	*		delta-19860201	1986-02-01		1986-02-01		1986-02-27	1986-03-01	Explicit stops=0 row, visually reviewed. Delta mainline. Each leg retains its own weekdays. Footnote 4 starts 12 February; footnote 14 ends 1 March inclusive. Both are valid throughout import dates. Through rows and connections excluded.
72	delta-496-TPA-MCO-0800-b111	new_schedule	delta	496	TPA	MCO	800a	828a	08:00	08:28	0	D	1234567	0	232	-		delta-19860201	1986-02-01		1986-02-01		1986-02-27	1986-03-01	Explicit stops=0 row, visually reviewed. Delta mainline. Each leg retains its own weekdays. Footnote 4 starts 12 February; footnote 14 ends 1 March inclusive. Both are valid throughout import dates. Through rows and connections excluded.
73	delta-483-MCO-PBI-1115-b111	new_schedule	delta	483	MCO	PBI	1115a	1150a	11:15	11:50	0	D	1234567	0	185	-		delta-19860201	1986-02-01		1986-02-01		1986-02-27	1986-03-01	Explicit stops=0 row, visually reviewed. Delta mainline. Each leg retains its own weekdays. Footnote 4 starts 12 February; footnote 14 ends 1 March inclusive. Both are valid throughout import dates. Through rows and connections excluded.
74	delta-586-TPA-PHL-1320-b111	new_schedule	delta	586	TPA	PHL	120p	329p	13:20	15:29	0	D	1234567	0	232	-		delta-19860201	1986-02-01		1986-02-01		1986-02-27	1986-03-01	Explicit stops=0 row, visually reviewed. Delta mainline. Each leg retains its own weekdays. Footnote 4 starts 12 February; footnote 14 ends 1 March inclusive. Both are valid throughout import dates. Through rows and connections excluded.
75	delta-287-PHL-TPA-1740-b111	new_schedule	delta	287	PHL	TPA	540p	802p	17:40	20:02	0	D	1234567	0	193	-		delta-19860201	1986-02-01		1986-02-01		1986-02-27	1986-03-01	Explicit stops=0 row, visually reviewed. Delta mainline. Each leg retains its own weekdays. Footnote 4 starts 12 February; footnote 14 ends 1 March inclusive. Both are valid throughout import dates. Through rows and connections excluded.
