schedule	airline	printed_flight	origin	destination	departure_local	arrival_local	days_in_effect_during_window	import_valid_from	import_valid_to	printed_pages	source	review_note
british-airways-302-LHR-CDG-0640	british-airways	BA302	LHR	CDG	06:40	08:40	123456	1986-02-28	1986-03-01	41	air-france-19851027-no25	Visuellt granskad nollstoppsrad (pil i VIA-kolumnen enligt s. 4), Air France vinterutgåva 25. Lokala tider och veckodagar enligt s. 2–4. Paris B/G betyder Charles de Gaulle, London är uttryckligen Heathrow och Lyon är Satolas. Import begränsad till 28 februari–1 mars 1986. Tidtabell, inte belagt genomförande.
air-france-807-LHR-CDG-0730	air-france	AF807	LHR	CDG	07:30	09:30	12356	1986-02-28	1986-03-01	41	air-france-19851027-no25	Visuellt granskad nollstoppsrad (pil i VIA-kolumnen enligt s. 4), Air France vinterutgåva 25. Lokala tider och veckodagar enligt s. 2–4. Paris B/G betyder Charles de Gaulle, London är uttryckligen Heathrow och Lyon är Satolas. Import begränsad till 28 februari–1 mars 1986. Tidtabell, inte belagt genomförande. Identiska tider med skilda flygplanstyper/veckodagar har slagits ihop till en fysisk avgång per datum.
british-airways-304-LHR-CDG-0830	british-airways	BA304	LHR	CDG	08:30	10:30	1234567	1986-02-28	1986-03-01	41	air-france-19851027-no25	Visuellt granskad nollstoppsrad (pil i VIA-kolumnen enligt s. 4), Air France vinterutgåva 25. Lokala tider och veckodagar enligt s. 2–4. Paris B/G betyder Charles de Gaulle, London är uttryckligen Heathrow och Lyon är Satolas. Import begränsad till 28 februari–1 mars 1986. Tidtabell, inte belagt genomförande. Identiska tider med skilda flygplanstyper/veckodagar har slagits ihop till en fysisk avgång per datum.
air-france-809-LHR-CDG-0930	air-france	AF809	LHR	CDG	09:30	11:30	123457	1986-02-28	1986-03-01	41	air-france-19851027-no25	Visuellt granskad nollstoppsrad (pil i VIA-kolumnen enligt s. 4), Air France vinterutgåva 25. Lokala tider och veckodagar enligt s. 2–4. Paris B/G betyder Charles de Gaulle, London är uttryckligen Heathrow och Lyon är Satolas. Import begränsad till 28 februari–1 mars 1986. Tidtabell, inte belagt genomförande. Vardagsraden samt söndagsraden från 22 december används. Den äldre helgraden slutar 15 december; ingen lördagsavgång läggs in.
british-airways-306-LHR-CDG-1030	british-airways	BA306	LHR	CDG	10:30	12:30	1234567	1986-02-28	1986-03-01	41	air-france-19851027-no25	Visuellt granskad nollstoppsrad (pil i VIA-kolumnen enligt s. 4), Air France vinterutgåva 25. Lokala tider och veckodagar enligt s. 2–4. Paris B/G betyder Charles de Gaulle, London är uttryckligen Heathrow och Lyon är Satolas. Import begränsad till 28 februari–1 mars 1986. Tidtabell, inte belagt genomförande. Identiska tider med skilda flygplanstyper/veckodagar har slagits ihop till en fysisk avgång per datum.
air-france-811-LHR-CDG-1130	air-france	AF811	LHR	CDG	11:30	13:30	1234567	1986-02-28	1986-03-01	41	air-france-19851027-no25	Visuellt granskad nollstoppsrad (pil i VIA-kolumnen enligt s. 4), Air France vinterutgåva 25. Lokala tider och veckodagar enligt s. 2–4. Paris B/G betyder Charles de Gaulle, London är uttryckligen Heathrow och Lyon är Satolas. Import begränsad till 28 februari–1 mars 1986. Tidtabell, inte belagt genomförande.
british-airways-308-LHR-CDG-1230	british-airways	BA308	LHR	CDG	12:30	14:30	1234567	1986-02-28	1986-03-01	41	air-france-19851027-no25	Visuellt granskad nollstoppsrad (pil i VIA-kolumnen enligt s. 4), Air France vinterutgåva 25. Lokala tider och veckodagar enligt s. 2–4. Paris B/G betyder Charles de Gaulle, London är uttryckligen Heathrow och Lyon är Satolas. Import begränsad till 28 februari–1 mars 1986. Tidtabell, inte belagt genomförande. Identiska tider med skilda flygplanstyper/veckodagar har slagits ihop till en fysisk avgång per datum.
air-france-813-LHR-CDG-1330	air-france	AF813	LHR	CDG	13:30	15:30	123567	1986-02-28	1986-03-01	41	air-france-19851027-no25	Visuellt granskad nollstoppsrad (pil i VIA-kolumnen enligt s. 4), Air France vinterutgåva 25. Lokala tider och veckodagar enligt s. 2–4. Paris B/G betyder Charles de Gaulle, London är uttryckligen Heathrow och Lyon är Satolas. Import begränsad till 28 februari–1 mars 1986. Tidtabell, inte belagt genomförande. Måndag/onsdag kombineras med tisdag/fredag/lördag/söndag från 21 december. Raden som slutar 20 december är inte aktuell.
british-airways-312-LHR-CDG-1430	british-airways	BA312	LHR	CDG	14:30	16:30	1234567	1986-02-28	1986-03-01	41	air-france-19851027-no25	Visuellt granskad nollstoppsrad (pil i VIA-kolumnen enligt s. 4), Air France vinterutgåva 25. Lokala tider och veckodagar enligt s. 2–4. Paris B/G betyder Charles de Gaulle, London är uttryckligen Heathrow och Lyon är Satolas. Import begränsad till 28 februari–1 mars 1986. Tidtabell, inte belagt genomförande. Identiska tider med skilda flygplanstyper/veckodagar har slagits ihop till en fysisk avgång per datum.
air-france-815-LHR-CDG-1530	air-france	AF815	LHR	CDG	15:30	17:30	1234567	1986-02-28	1986-03-01	41	air-france-19851027-no25	Visuellt granskad nollstoppsrad (pil i VIA-kolumnen enligt s. 4), Air France vinterutgåva 25. Lokala tider och veckodagar enligt s. 2–4. Paris B/G betyder Charles de Gaulle, London är uttryckligen Heathrow och Lyon är Satolas. Import begränsad till 28 februari–1 mars 1986. Tidtabell, inte belagt genomförande. Lördagsraden från 21 december och övriga dagar från 22 december används; raden som slutar 20 december utesluts.
british-airways-314-LHR-CDG-1630	british-airways	BA314	LHR	CDG	16:30	18:30	1234567	1986-02-28	1986-03-01	41	air-france-19851027-no25	Visuellt granskad nollstoppsrad (pil i VIA-kolumnen enligt s. 4), Air France vinterutgåva 25. Lokala tider och veckodagar enligt s. 2–4. Paris B/G betyder Charles de Gaulle, London är uttryckligen Heathrow och Lyon är Satolas. Import begränsad till 28 februari–1 mars 1986. Tidtabell, inte belagt genomförande.
air-france-817-LHR-CDG-1730	air-france	AF817	LHR	CDG	17:30	19:30	1234567	1986-02-28	1986-03-01	41,42	air-france-19851027-no25	Visuellt granskad nollstoppsrad (pil i VIA-kolumnen enligt s. 4), Air France vinterutgåva 25. Lokala tider och veckodagar enligt s. 2–4. Paris B/G betyder Charles de Gaulle, London är uttryckligen Heathrow och Lyon är Satolas. Import begränsad till 28 februari–1 mars 1986. Tidtabell, inte belagt genomförande. Identiska tider med skilda flygplanstyper/veckodagar har slagits ihop till en fysisk avgång per datum.
british-airways-316-LHR-CDG-1830	british-airways	BA316	LHR	CDG	18:30	20:30	1234567	1986-02-28	1986-03-01	42	air-france-19851027-no25	Visuellt granskad nollstoppsrad (pil i VIA-kolumnen enligt s. 4), Air France vinterutgåva 25. Lokala tider och veckodagar enligt s. 2–4. Paris B/G betyder Charles de Gaulle, London är uttryckligen Heathrow och Lyon är Satolas. Import begränsad till 28 februari–1 mars 1986. Tidtabell, inte belagt genomförande. Identiska tider med skilda flygplanstyper/veckodagar har slagits ihop till en fysisk avgång per datum.
air-france-819-LHR-CDG-1930	air-france	AF819	LHR	CDG	19:30	21:30	1234567	1986-02-28	1986-03-01	42	air-france-19851027-no25	Visuellt granskad nollstoppsrad (pil i VIA-kolumnen enligt s. 4), Air France vinterutgåva 25. Lokala tider och veckodagar enligt s. 2–4. Paris B/G betyder Charles de Gaulle, London är uttryckligen Heathrow och Lyon är Satolas. Import begränsad till 28 februari–1 mars 1986. Tidtabell, inte belagt genomförande. Identiska tider med skilda flygplanstyper/veckodagar har slagits ihop till en fysisk avgång per datum.
british-airways-318-LHR-CDG-2000	british-airways	BA318	LHR	CDG	20:00	22:00	123457	1986-02-28	1986-03-01	42	air-france-19851027-no25	Visuellt granskad nollstoppsrad (pil i VIA-kolumnen enligt s. 4), Air France vinterutgåva 25. Lokala tider och veckodagar enligt s. 2–4. Paris B/G betyder Charles de Gaulle, London är uttryckligen Heathrow och Lyon är Satolas. Import begränsad till 28 februari–1 mars 1986. Tidtabell, inte belagt genomförande.
air-france-821-LHR-CDG-2040	air-france	AF821	LHR	CDG	20:40	22:40	123457	1986-02-28	1986-03-01	42	air-france-19851027-no25	Visuellt granskad nollstoppsrad (pil i VIA-kolumnen enligt s. 4), Air France vinterutgåva 25. Lokala tider och veckodagar enligt s. 2–4. Paris B/G betyder Charles de Gaulle, London är uttryckligen Heathrow och Lyon är Satolas. Import begränsad till 28 februari–1 mars 1986. Tidtabell, inte belagt genomförande.
british-airways-301-CDG-LHR-0755	british-airways	BA301	CDG	LHR	07:55	07:55	123456	1986-02-28	1986-03-01	69	air-france-19851027-no25	Visuellt granskad nollstoppsrad (pil i VIA-kolumnen enligt s. 4), Air France vinterutgåva 25. Lokala tider och veckodagar enligt s. 2–4. Paris B/G betyder Charles de Gaulle, London är uttryckligen Heathrow och Lyon är Satolas. Import begränsad till 28 februari–1 mars 1986. Tidtabell, inte belagt genomförande.
air-france-808-CDG-LHR-0830	air-france	AF808	CDG	LHR	08:30	08:30	123456	1986-02-28	1986-03-01	69	air-france-19851027-no25	Visuellt granskad nollstoppsrad (pil i VIA-kolumnen enligt s. 4), Air France vinterutgåva 25. Lokala tider och veckodagar enligt s. 2–4. Paris B/G betyder Charles de Gaulle, London är uttryckligen Heathrow och Lyon är Satolas. Import begränsad till 28 februari–1 mars 1986. Tidtabell, inte belagt genomförande. Identiska tider med skilda flygplanstyper/veckodagar har slagits ihop till en fysisk avgång per datum.
air-france-806-CDG-LHR-0900	air-france	AF806	CDG	LHR	09:00	09:00	1234567	1986-02-28	1986-03-01	69	air-france-19851027-no25	Visuellt granskad nollstoppsrad (pil i VIA-kolumnen enligt s. 4), Air France vinterutgåva 25. Lokala tider och veckodagar enligt s. 2–4. Paris B/G betyder Charles de Gaulle, London är uttryckligen Heathrow och Lyon är Satolas. Import begränsad till 28 februari–1 mars 1986. Tidtabell, inte belagt genomförande.
british-airways-303-CDG-LHR-0930	british-airways	BA303	CDG	LHR	09:30	09:30	1234567	1986-02-28	1986-03-01	69	air-france-19851027-no25	Visuellt granskad nollstoppsrad (pil i VIA-kolumnen enligt s. 4), Air France vinterutgåva 25. Lokala tider och veckodagar enligt s. 2–4. Paris B/G betyder Charles de Gaulle, London är uttryckligen Heathrow och Lyon är Satolas. Import begränsad till 28 februari–1 mars 1986. Tidtabell, inte belagt genomförande.
air-france-810-CDG-LHR-1030	air-france	AF810	CDG	LHR	10:30	10:30	1234567	1986-02-28	1986-03-01	69	air-france-19851027-no25	Visuellt granskad nollstoppsrad (pil i VIA-kolumnen enligt s. 4), Air France vinterutgåva 25. Lokala tider och veckodagar enligt s. 2–4. Paris B/G betyder Charles de Gaulle, London är uttryckligen Heathrow och Lyon är Satolas. Import begränsad till 28 februari–1 mars 1986. Tidtabell, inte belagt genomförande.
british-airways-305-CDG-LHR-1130	british-airways	BA305	CDG	LHR	11:30	11:30	1234567	1986-02-28	1986-03-01	69	air-france-19851027-no25	Visuellt granskad nollstoppsrad (pil i VIA-kolumnen enligt s. 4), Air France vinterutgåva 25. Lokala tider och veckodagar enligt s. 2–4. Paris B/G betyder Charles de Gaulle, London är uttryckligen Heathrow och Lyon är Satolas. Import begränsad till 28 februari–1 mars 1986. Tidtabell, inte belagt genomförande. Identiska tider med skilda flygplanstyper/veckodagar har slagits ihop till en fysisk avgång per datum.
air-france-812-CDG-LHR-1230	air-france	AF812	CDG	LHR	12:30	12:30	123567	1986-02-28	1986-03-01	69	air-france-19851027-no25	Visuellt granskad nollstoppsrad (pil i VIA-kolumnen enligt s. 4), Air France vinterutgåva 25. Lokala tider och veckodagar enligt s. 2–4. Paris B/G betyder Charles de Gaulle, London är uttryckligen Heathrow och Lyon är Satolas. Import begränsad till 28 februari–1 mars 1986. Tidtabell, inte belagt genomförande. Måndag/onsdag kombineras med tisdag/fredag/lördag/söndag från 21 december. Raden som slutar 20 december är inte aktuell.
british-airways-307-CDG-LHR-1330	british-airways	BA307	CDG	LHR	13:30	13:30	1234567	1986-02-28	1986-03-01	69	air-france-19851027-no25	Visuellt granskad nollstoppsrad (pil i VIA-kolumnen enligt s. 4), Air France vinterutgåva 25. Lokala tider och veckodagar enligt s. 2–4. Paris B/G betyder Charles de Gaulle, London är uttryckligen Heathrow och Lyon är Satolas. Import begränsad till 28 februari–1 mars 1986. Tidtabell, inte belagt genomförande. Identiska tider med skilda flygplanstyper/veckodagar har slagits ihop till en fysisk avgång per datum.
air-france-814-CDG-LHR-1430	air-france	AF814	CDG	LHR	14:30	14:30	123457	1986-02-28	1986-03-01	69	air-france-19851027-no25	Visuellt granskad nollstoppsrad (pil i VIA-kolumnen enligt s. 4), Air France vinterutgåva 25. Lokala tider och veckodagar enligt s. 2–4. Paris B/G betyder Charles de Gaulle, London är uttryckligen Heathrow och Lyon är Satolas. Import begränsad till 28 februari–1 mars 1986. Tidtabell, inte belagt genomförande. Raden från 22 december gäller måndag–fredag och söndag. Den tidigare dagliga raden slutar 20 december; ingen lördag läggs in.
british-airways-309-CDG-LHR-1530	british-airways	BA309	CDG	LHR	15:30	15:30	1234567	1986-02-28	1986-03-01	69	air-france-19851027-no25	Visuellt granskad nollstoppsrad (pil i VIA-kolumnen enligt s. 4), Air France vinterutgåva 25. Lokala tider och veckodagar enligt s. 2–4. Paris B/G betyder Charles de Gaulle, London är uttryckligen Heathrow och Lyon är Satolas. Import begränsad till 28 februari–1 mars 1986. Tidtabell, inte belagt genomförande. Identiska tider med skilda flygplanstyper/veckodagar har slagits ihop till en fysisk avgång per datum.
air-france-816-CDG-LHR-1630	air-france	AF816	CDG	LHR	16:30	16:30	1234567	1986-02-28	1986-03-01	69	air-france-19851027-no25	Visuellt granskad nollstoppsrad (pil i VIA-kolumnen enligt s. 4), Air France vinterutgåva 25. Lokala tider och veckodagar enligt s. 2–4. Paris B/G betyder Charles de Gaulle, London är uttryckligen Heathrow och Lyon är Satolas. Import begränsad till 28 februari–1 mars 1986. Tidtabell, inte belagt genomförande. Identiska tider med skilda flygplanstyper/veckodagar har slagits ihop till en fysisk avgång per datum.
british-airways-313-CDG-LHR-1730	british-airways	BA313	CDG	LHR	17:30	17:30	1234567	1986-02-28	1986-03-01	69	air-france-19851027-no25	Visuellt granskad nollstoppsrad (pil i VIA-kolumnen enligt s. 4), Air France vinterutgåva 25. Lokala tider och veckodagar enligt s. 2–4. Paris B/G betyder Charles de Gaulle, London är uttryckligen Heathrow och Lyon är Satolas. Import begränsad till 28 februari–1 mars 1986. Tidtabell, inte belagt genomförande. Identiska tider med skilda flygplanstyper/veckodagar har slagits ihop till en fysisk avgång per datum.
air-france-818-CDG-LHR-1830	air-france	AF818	CDG	LHR	18:30	18:30	1234567	1986-02-28	1986-03-01	69	air-france-19851027-no25	Visuellt granskad nollstoppsrad (pil i VIA-kolumnen enligt s. 4), Air France vinterutgåva 25. Lokala tider och veckodagar enligt s. 2–4. Paris B/G betyder Charles de Gaulle, London är uttryckligen Heathrow och Lyon är Satolas. Import begränsad till 28 februari–1 mars 1986. Tidtabell, inte belagt genomförande. Identiska tider med skilda flygplanstyper/veckodagar har slagits ihop till en fysisk avgång per datum.
british-airways-315-CDG-LHR-1930	british-airways	BA315	CDG	LHR	19:30	19:30	1234567	1986-02-28	1986-03-01	69	air-france-19851027-no25	Visuellt granskad nollstoppsrad (pil i VIA-kolumnen enligt s. 4), Air France vinterutgåva 25. Lokala tider och veckodagar enligt s. 2–4. Paris B/G betyder Charles de Gaulle, London är uttryckligen Heathrow och Lyon är Satolas. Import begränsad till 28 februari–1 mars 1986. Tidtabell, inte belagt genomförande.
air-france-820-CDG-LHR-2030	air-france	AF820	CDG	LHR	20:30	20:30	12457	1986-02-28	1986-03-01	69	air-france-19851027-no25	Visuellt granskad nollstoppsrad (pil i VIA-kolumnen enligt s. 4), Air France vinterutgåva 25. Lokala tider och veckodagar enligt s. 2–4. Paris B/G betyder Charles de Gaulle, London är uttryckligen Heathrow och Lyon är Satolas. Import begränsad till 28 februari–1 mars 1986. Tidtabell, inte belagt genomförande. Identiska tider med skilda flygplanstyper/veckodagar har slagits ihop till en fysisk avgång per datum.
british-airways-317-CDG-LHR-2130	british-airways	BA317	CDG	LHR	21:30	21:30	123457	1986-02-28	1986-03-01	69	air-france-19851027-no25	Visuellt granskad nollstoppsrad (pil i VIA-kolumnen enligt s. 4), Air France vinterutgåva 25. Lokala tider och veckodagar enligt s. 2–4. Paris B/G betyder Charles de Gaulle, London är uttryckligen Heathrow och Lyon är Satolas. Import begränsad till 28 februari–1 mars 1986. Tidtabell, inte belagt genomförande.
air-france-1825-LHR-LYS-0910	air-france	AF1825	LHR	LYS	09:10	11:40	12345	1986-02-28	1986-03-01	41	air-france-19851027-no25	Visuellt granskad nollstoppsrad (pil i VIA-kolumnen enligt s. 4), Air France vinterutgåva 25. Lokala tider och veckodagar enligt s. 2–4. Paris B/G betyder Charles de Gaulle, London är uttryckligen Heathrow och Lyon är Satolas. Import begränsad till 28 februari–1 mars 1986. Tidtabell, inte belagt genomförande.
air-france-1825-LHR-LYS-0930	air-france	AF1825	LHR	LYS	09:30	11:55	6	1986-02-28	1986-03-01	41	air-france-19851027-no25	Visuellt granskad nollstoppsrad (pil i VIA-kolumnen enligt s. 4), Air France vinterutgåva 25. Lokala tider och veckodagar enligt s. 2–4. Paris B/G betyder Charles de Gaulle, London är uttryckligen Heathrow och Lyon är Satolas. Import begränsad till 28 februari–1 mars 1986. Tidtabell, inte belagt genomförande. Lördagsraden 09.30–11.55 gäller från 21 december. Tidigare helgtid 14.15–16.45 till 15 december används inte.
british-airways-356-LHR-LYS-1615	british-airways	BA356	LHR	LYS	16:15	18:45	123457	1986-02-28	1986-03-01	41	air-france-19851027-no25	Visuellt granskad nollstoppsrad (pil i VIA-kolumnen enligt s. 4), Air France vinterutgåva 25. Lokala tider och veckodagar enligt s. 2–4. Paris B/G betyder Charles de Gaulle, London är uttryckligen Heathrow och Lyon är Satolas. Import begränsad till 28 februari–1 mars 1986. Tidtabell, inte belagt genomförande.
air-france-1824-LYS-LHR-0740	air-france	AF1824	LYS	LHR	07:40	08:10	12345	1986-02-28	1986-03-01	44	air-france-19851027-no25	Visuellt granskad nollstoppsrad (pil i VIA-kolumnen enligt s. 4), Air France vinterutgåva 25. Lokala tider och veckodagar enligt s. 2–4. Paris B/G betyder Charles de Gaulle, London är uttryckligen Heathrow och Lyon är Satolas. Import begränsad till 28 februari–1 mars 1986. Tidtabell, inte belagt genomförande.
air-france-1824-LYS-LHR-1400	air-france	AF1824	LYS	LHR	14:00	14:30	6	1986-02-28	1986-03-01	44	air-france-19851027-no25	Visuellt granskad nollstoppsrad (pil i VIA-kolumnen enligt s. 4), Air France vinterutgåva 25. Lokala tider och veckodagar enligt s. 2–4. Paris B/G betyder Charles de Gaulle, London är uttryckligen Heathrow och Lyon är Satolas. Import begränsad till 28 februari–1 mars 1986. Tidtabell, inte belagt genomförande. Lördagsraden 14.00–14.30 gäller från 21 december. Tidigare helgtid 13.00–13.30 till 15 december används inte.
british-airways-357-LYS-LHR-1925	british-airways	BA357	LYS	LHR	19:25	20:00	123457	1986-02-28	1986-03-01	44	air-france-19851027-no25	Visuellt granskad nollstoppsrad (pil i VIA-kolumnen enligt s. 4), Air France vinterutgåva 25. Lokala tider och veckodagar enligt s. 2–4. Paris B/G betyder Charles de Gaulle, London är uttryckligen Heathrow och Lyon är Satolas. Import begränsad till 28 februari–1 mars 1986. Tidtabell, inte belagt genomförande.
air-france-951-LHR-NCE-0955	air-france	AF951	LHR	NCE	09:55	12:40	1234567	1986-02-28	1986-03-01	41	air-france-19851027-no25	Visuellt granskad nollstoppsrad (pil i VIA-kolumnen enligt s. 4), Air France vinterutgåva 25. Lokala tider och veckodagar enligt s. 2–4. Paris B/G betyder Charles de Gaulle, London är uttryckligen Heathrow och Lyon är Satolas. Import begränsad till 28 februari–1 mars 1986. Tidtabell, inte belagt genomförande.
british-airways-342-LHR-NCE-1230	british-airways	BA342	LHR	NCE	12:30	15:20	1234567	1986-02-28	1986-03-01	41	air-france-19851027-no25	Visuellt granskad nollstoppsrad (pil i VIA-kolumnen enligt s. 4), Air France vinterutgåva 25. Lokala tider och veckodagar enligt s. 2–4. Paris B/G betyder Charles de Gaulle, London är uttryckligen Heathrow och Lyon är Satolas. Import begränsad till 28 februari–1 mars 1986. Tidtabell, inte belagt genomförande.
british-airways-343-NCE-LHR-1620	british-airways	BA343	NCE	LHR	16:20	17:10	1234567	1986-02-28	1986-03-01	57	air-france-19851027-no25	Visuellt granskad nollstoppsrad (pil i VIA-kolumnen enligt s. 4), Air France vinterutgåva 25. Lokala tider och veckodagar enligt s. 2–4. Paris B/G betyder Charles de Gaulle, London är uttryckligen Heathrow och Lyon är Satolas. Import begränsad till 28 februari–1 mars 1986. Tidtabell, inte belagt genomförande.
air-france-952-NCE-LHR-1850	air-france	AF952	NCE	LHR	18:50	19:45	1234567	1986-02-28	1986-03-01	57	air-france-19851027-no25	Visuellt granskad nollstoppsrad (pil i VIA-kolumnen enligt s. 4), Air France vinterutgåva 25. Lokala tider och veckodagar enligt s. 2–4. Paris B/G betyder Charles de Gaulle, London är uttryckligen Heathrow och Lyon är Satolas. Import begränsad till 28 februari–1 mars 1986. Tidtabell, inte belagt genomförande.
air-france-963-MAN-CDG-0730	air-france	AF963	MAN	CDG	07:30	09:45	123456	1986-02-28	1986-03-01	46	air-france-19851027-no25	Visuellt granskad nollstoppsrad (pil i VIA-kolumnen enligt s. 4), Air France vinterutgåva 25. Lokala tider och veckodagar enligt s. 2–4. Paris B/G betyder Charles de Gaulle, London är uttryckligen Heathrow och Lyon är Satolas. Import begränsad till 28 februari–1 mars 1986. Tidtabell, inte belagt genomförande.
british-airways-904-MAN-CDG-1500	british-airways	BA904	MAN	CDG	15:00	17:15	6	1986-02-28	1986-03-01	46	air-france-19851027-no25	Visuellt granskad nollstoppsrad (pil i VIA-kolumnen enligt s. 4), Air France vinterutgåva 25. Lokala tider och veckodagar enligt s. 2–4. Paris B/G betyder Charles de Gaulle, London är uttryckligen Heathrow och Lyon är Satolas. Import begränsad till 28 februari–1 mars 1986. Tidtabell, inte belagt genomförande.
british-airways-906-MAN-CDG-1700	british-airways	BA906	MAN	CDG	17:00	19:15	123457	1986-02-28	1986-03-01	46	air-france-19851027-no25	Visuellt granskad nollstoppsrad (pil i VIA-kolumnen enligt s. 4), Air France vinterutgåva 25. Lokala tider och veckodagar enligt s. 2–4. Paris B/G betyder Charles de Gaulle, London är uttryckligen Heathrow och Lyon är Satolas. Import begränsad till 28 februari–1 mars 1986. Tidtabell, inte belagt genomförande.
british-airways-901-CDG-MAN-0900	british-airways	BA901	CDG	MAN	09:00	09:15	12345	1986-02-28	1986-03-01	70	air-france-19851027-no25	Visuellt granskad nollstoppsrad (pil i VIA-kolumnen enligt s. 4), Air France vinterutgåva 25. Lokala tider och veckodagar enligt s. 2–4. Paris B/G betyder Charles de Gaulle, London är uttryckligen Heathrow och Lyon är Satolas. Import begränsad till 28 februari–1 mars 1986. Tidtabell, inte belagt genomförande.
british-airways-905-CDG-MAN-1755	british-airways	BA905	CDG	MAN	17:55	18:10	6	1986-02-28	1986-03-01	70	air-france-19851027-no25	Visuellt granskad nollstoppsrad (pil i VIA-kolumnen enligt s. 4), Air France vinterutgåva 25. Lokala tider och veckodagar enligt s. 2–4. Paris B/G betyder Charles de Gaulle, London är uttryckligen Heathrow och Lyon är Satolas. Import begränsad till 28 februari–1 mars 1986. Tidtabell, inte belagt genomförande.
british-airways-907-CDG-MAN-1955	british-airways	BA907	CDG	MAN	19:55	20:10	5	1986-02-28	1986-03-01	70	air-france-19851027-no25	Visuellt granskad nollstoppsrad (pil i VIA-kolumnen enligt s. 4), Air France vinterutgåva 25. Lokala tider och veckodagar enligt s. 2–4. Paris B/G betyder Charles de Gaulle, London är uttryckligen Heathrow och Lyon är Satolas. Import begränsad till 28 februari–1 mars 1986. Tidtabell, inte belagt genomförande.
air-france-964-CDG-MAN-2020	air-france	AF964	CDG	MAN	20:20	20:40	123457	1986-02-28	1986-03-01	70	air-france-19851027-no25	Visuellt granskad nollstoppsrad (pil i VIA-kolumnen enligt s. 4), Air France vinterutgåva 25. Lokala tider och veckodagar enligt s. 2–4. Paris B/G betyder Charles de Gaulle, London är uttryckligen Heathrow och Lyon är Satolas. Import begränsad till 28 februari–1 mars 1986. Tidtabell, inte belagt genomförande.
air-france-919-NCE-MAN-1710	air-france	AFBA919	NCE	MAN	17:10	18:20	6	1986-03-01	1986-03-01	57	air-france-19851027-no25	Visuellt granskad nollstoppsrad (pil i VIA-kolumnen enligt s. 4), Air France vinterutgåva 25. Lokala tider och veckodagar enligt s. 2–4. Paris B/G betyder Charles de Gaulle, London är uttryckligen Heathrow och Lyon är Satolas. Import begränsad till 28 februari–1 mars 1986. Tidtabell, inte belagt genomförande. Tryckt AFBA919 är en samarbetsrad enligt s. 4. Första kod AF används för gruppering; BA-koden bevaras här. Faktisk operatör är inte fastställd. Startdatum 1 mars: endast lördag 1 mars importeras.
air-uk-857-AMS-SOU-1800	air-uk	UK857	AMS	SOU	18:00	18:35	6	1986-02-28	1986-03-01	7,19	air-uk-19851027-issue1	Visuellt granskad lördagsrad UK857 Amsterdam–Southampton 18.00–18.35 med 0 stopp på s. 7 och 19, Air UK vinterutgåva 1. Lokala tider och 6=lördag enligt s. 3. Ingen säsongsfotnot vid denna rad. Import begränsad till 28 februari–1 mars 1986. Tidtabell, inte belagt genomförande.
