research_id	source	printed_page	origin_printed	destination_printed	printed_code	departure_printed	arrival_printed	arrival_day_offset_printed	printed_days	printed_valid_from	printed_valid_to	days_in_target_dates	runtime_import	review_status	note
interflug-advance-b35-01	interflug-19851027-advance	4	Berlin–Schoenefeld (SXF)	Copenhagen	IF710	07:20	08:20	0	-----6-	1985-11-02	1986-03-29	6	false	needs_stop_and_legend_review	Endast transkriberat tryckt underlag. Fullständig teckenförklaring, tidszoner och fysiskt stoppmönster återstår; slutlig utgåva och ändringsblad ej jämförda. Handskrivna siffror används inte.
interflug-advance-b35-02	interflug-19851027-advance	4	Berlin–Schoenefeld (SXF)	Copenhagen	IF714	12:40	13:40	0	----5--	1985-11-01	1986-03-28	5	false	needs_stop_and_legend_review	Endast transkriberat tryckt underlag. Fullständig teckenförklaring, tidszoner och fysiskt stoppmönster återstår; slutlig utgåva och ändringsblad ej jämförda. Handskrivna siffror används inte.
interflug-advance-b35-03	interflug-19851027-advance	4	Berlin–Schoenefeld (SXF)	Helsinki	IF700	09:25	12:30	0	----5--	1985-11-01	1986-03-14	5	false	needs_stop_and_legend_review	Endast transkriberat tryckt underlag. Fullständig teckenförklaring, tidszoner och fysiskt stoppmönster återstår; slutlig utgåva och ändringsblad ej jämförda. Handskrivna siffror används inte.
interflug-advance-b35-04	interflug-19851027-advance	4	Berlin–Schoenefeld (SXF)	Istanbul	IF790	22:15	02:00	1	----5--	1985-11-01	1986-03-28	5	false	needs_stop_and_legend_review	Endast transkriberat tryckt underlag. Fullständig teckenförklaring, tidszoner och fysiskt stoppmönster återstår; slutlig utgåva och ändringsblad ej jämförda. Handskrivna siffror används inte.
interflug-advance-b35-05	interflug-19851027-advance	4	Berlin–Schoenefeld (SXF)	Larnaca	IF828	17:00	21:50	0	----5--	1985-11-01	1986-03-28	5	false	needs_stop_and_legend_review	Endast transkriberat tryckt underlag. Fullständig teckenförklaring, tidszoner och fysiskt stoppmönster återstår; slutlig utgåva och ändringsblad ej jämförda. Handskrivna siffror används inte. Samma tryckta flygnummer och avgångstid till Larnaca och Damascus; sammanhängande delsträckor får inte gissas.
interflug-advance-b35-06	interflug-19851027-advance	4	Berlin–Schoenefeld (SXF)	Damascus	IF828	17:00	01:05	1	----5--	1985-11-01	1986-03-28	5	false	needs_stop_and_legend_review	Endast transkriberat tryckt underlag. Fullständig teckenförklaring, tidszoner och fysiskt stoppmönster återstår; slutlig utgåva och ändringsblad ej jämförda. Handskrivna siffror används inte. Samma tryckta flygnummer och avgångstid till Larnaca och Damascus; sammanhängande delsträckor får inte gissas.
interflug-advance-b35-07	interflug-19851027-advance	4	Berlin–Schoenefeld (SXF)	Havana	IF920	11:45	19:30	0	-----6-	1985-11-02	1986-03-15	6	false	needs_stop_and_legend_review	Endast transkriberat tryckt underlag. Fullständig teckenförklaring, tidszoner och fysiskt stoppmönster återstår; slutlig utgåva och ändringsblad ej jämförda. Handskrivna siffror används inte. Tryckt punkt anger teknisk landning i Gander; Gander-tider saknas.
interflug-advance-b35-08	interflug-19851027-advance	5	Berlin–Schoenefeld (SXF)	Leningrad	IF626	07:25	11:45	0	----5--	1985-11-01	1986-03-28	5	false	needs_stop_and_legend_review	Endast transkriberat tryckt underlag. Fullständig teckenförklaring, tidszoner och fysiskt stoppmönster återstår; slutlig utgåva och ändringsblad ej jämförda. Handskrivna siffror används inte.
interflug-advance-b35-09	interflug-19851027-advance	5	Berlin–Schoenefeld (SXF)	Leningrad	IF622	10:00	14:15	0	1----6-	1985-10-28	1986-03-29	6	false	needs_stop_and_legend_review	Endast transkriberat tryckt underlag. Fullständig teckenförklaring, tidszoner och fysiskt stoppmönster återstår; slutlig utgåva och ändringsblad ej jämförda. Handskrivna siffror används inte.
interflug-advance-b35-10	interflug-19851027-advance	5	Berlin–Schoenefeld (SXF)	Milan–Malpensa	IF770	12:45	14:45	0	1---5--	1985-10-28	1986-03-28	5	false	needs_stop_and_legend_review	Endast transkriberat tryckt underlag. Fullständig teckenförklaring, tidszoner och fysiskt stoppmönster återstår; slutlig utgåva och ändringsblad ej jämförda. Handskrivna siffror används inte.
interflug-advance-b35-11	interflug-19851027-advance	5	Berlin–Schoenefeld (SXF)	Minsk	IF640	10:30	14:40	0	-----6-	1985-12-21	1986-03-29	6	false	needs_stop_and_legend_review	Endast transkriberat tryckt underlag. Fullständig teckenförklaring, tidszoner och fysiskt stoppmönster återstår; slutlig utgåva och ändringsblad ej jämförda. Handskrivna siffror används inte.
interflug-advance-b35-12	interflug-19851027-advance	5	Berlin–Schoenefeld (SXF)	Moscow–Sheremetyevo 2	IF610	04:20	08:50	0	1234567	1985-10-27	1986-03-29	56	false	needs_stop_and_legend_review	Endast transkriberat tryckt underlag. Fullständig teckenförklaring, tidszoner och fysiskt stoppmönster återstår; slutlig utgåva och ändringsblad ej jämförda. Handskrivna siffror används inte.
interflug-advance-b35-13	interflug-19851027-advance	5	Berlin–Schoenefeld (SXF)	Moscow–Sheremetyevo 2	IF600	08:15	12:45	0	1234567	1985-10-27	1986-03-29	56	false	needs_stop_and_legend_review	Endast transkriberat tryckt underlag. Fullständig teckenförklaring, tidszoner och fysiskt stoppmönster återstår; slutlig utgåva och ändringsblad ej jämförda. Handskrivna siffror används inte.
interflug-advance-b35-14	interflug-19851027-advance	5	Berlin–Schoenefeld (SXF)	Moscow–Sheremetyevo 2	IF602	12:00	16:30	0	1234567	1985-10-27	1986-03-29	56	false	needs_stop_and_legend_review	Endast transkriberat tryckt underlag. Fullständig teckenförklaring, tidszoner och fysiskt stoppmönster återstår; slutlig utgåva och ändringsblad ej jämförda. Handskrivna siffror används inte.
interflug-advance-b35-15	interflug-19851027-advance	5	Berlin–Schoenefeld (SXF)	Moscow–Sheremetyevo 2	IF606	14:35	19:05	0	1234567	1985-10-27	1986-03-29	56	false	needs_stop_and_legend_review	Endast transkriberat tryckt underlag. Fullständig teckenförklaring, tidszoner och fysiskt stoppmönster återstår; slutlig utgåva och ändringsblad ej jämförda. Handskrivna siffror används inte.
interflug-advance-b35-16	interflug-19851027-advance	5	Berlin–Schoenefeld (SXF)	Moscow–Sheremetyevo 2	IF608	15:35	20:05	0	1234567	1985-10-27	1986-03-29	56	false	needs_stop_and_legend_review	Endast transkriberat tryckt underlag. Fullständig teckenförklaring, tidszoner och fysiskt stoppmönster återstår; slutlig utgåva och ändringsblad ej jämförda. Handskrivna siffror används inte.
interflug-advance-b35-17	interflug-19851027-advance	5	Berlin–Schoenefeld (SXF)	Prague	IF250	07:00	07:50	0	1234567	1985-10-27	1986-03-29	56	false	needs_stop_and_legend_review	Endast transkriberat tryckt underlag. Fullständig teckenförklaring, tidszoner och fysiskt stoppmönster återstår; slutlig utgåva och ändringsblad ej jämförda. Handskrivna siffror används inte.
interflug-advance-b35-18	interflug-19851027-advance	5	Berlin–Schoenefeld (SXF)	Prague	IF252	07:15	08:05	0	----5--	1985-11-01	1986-03-28	5	false	needs_stop_and_legend_review	Endast transkriberat tryckt underlag. Fullständig teckenförklaring, tidszoner och fysiskt stoppmönster återstår; slutlig utgåva och ändringsblad ej jämförda. Handskrivna siffror används inte.
interflug-advance-b35-19	interflug-19851027-advance	5	Berlin–Schoenefeld (SXF)	Prague	IF254	18:00	18:50	0	1234567	1985-10-27	1986-03-29	56	false	needs_stop_and_legend_review	Endast transkriberat tryckt underlag. Fullständig teckenförklaring, tidszoner och fysiskt stoppmönster återstår; slutlig utgåva och ändringsblad ej jämförda. Handskrivna siffror används inte.
interflug-advance-b35-20	interflug-19851027-advance	5	Berlin–Schoenefeld (SXF)	Rome–Leonardo da Vinci	IF776	11:50	14:00	0	-----6-	1985-11-02	1986-03-29	6	false	needs_stop_and_legend_review	Endast transkriberat tryckt underlag. Fullständig teckenförklaring, tidszoner och fysiskt stoppmönster återstår; slutlig utgåva och ändringsblad ej jämförda. Handskrivna siffror används inte.
interflug-advance-b35-21	interflug-19851027-advance	5	Berlin–Schoenefeld (SXF)	Sofia	IF500	09:00	12:25	0	1234-67	1985-10-27	1986-03-29	6	false	needs_stop_and_legend_review	Endast transkriberat tryckt underlag. Fullständig teckenförklaring, tidszoner och fysiskt stoppmönster återstår; slutlig utgåva och ändringsblad ej jämförda. Handskrivna siffror används inte. Tryckt undantag: går inte 15 eller 22 mars. Detta ger ingen extra avgång 28 februari eller 1 mars.
interflug-advance-b35-22	interflug-19851027-advance	5	Berlin–Schoenefeld (SXF)	Sofia	IF506	09:00	13:05	0	----5--	1985-11-01	1986-03-28	5	false	needs_stop_and_legend_review	Endast transkriberat tryckt underlag. Fullständig teckenförklaring, tidszoner och fysiskt stoppmönster återstår; slutlig utgåva och ändringsblad ej jämförda. Handskrivna siffror används inte.
