schedule	printed_code	source_airline	origin	destination	departure_local	arrival_local	arrival_day_offset	origin_utc_offset	destination_utc_offset	printed_days	normalized_days	days_in_import_window	printed_page	physical_leg_basis	printed_stops	printed_aircraft	source	printed_valid_from	printed_valid_to	import_valid_from	import_valid_to	note
aer-lingus-602-DUB-AMS-0800-b48	EI602	aer-lingus	DUB	AMS	08:00	10:30	0	+0000	+0100	Daily	1234567	5,6	8	single flight code; no intermediate place in Routing column	not a column in this edition	not specified	aer-lingus-19851027-winter	1985-10-27	1986-03-29	1986-02-28	1986-03-01	Aer Lingus Winter 1985/86, tryckt s. 8: EI602, dagar Daily, lokal tid 08:00–10:30. En flygkod och ingen angiven mellanort i Routing-kolumnen ligger till grund för tolkningen som direktben. Vinteromslag: 27 oktober–29 mars. Endast fredag/lördag i målintervallet. Vinteroffset: Irland/Storbritannien UTC+0, kontinentala ändpunkter UTC+1. Planerad trafik; genomförande, flygplanstyp och verklig flygbana är inte belagda.
british-airways-861-DUB-BHX-0925-b48	BA861	british-airways	DUB	BHX	09:25	10:15	0	+0000	+0000	Mo Tu We Th Fr	12345--	5	8	single flight code; no intermediate place in Routing column	not a column in this edition	not specified	aer-lingus-19851027-winter	1985-10-27	1986-03-29	1986-02-28	1986-03-01	Aer Lingus Winter 1985/86, tryckt s. 8: BA861, dagar Mo Tu We Th Fr, lokal tid 09:25–10:15. En flygkod och ingen angiven mellanort i Routing-kolumnen ligger till grund för tolkningen som direktben. Vinteromslag: 27 oktober–29 mars. Endast fredag/lördag i målintervallet. Vinteroffset: Irland/Storbritannien UTC+0, kontinentala ändpunkter UTC+1. Planerad trafik; genomförande, flygplanstyp och verklig flygbana är inte belagda.
british-airways-863-DUB-BHX-1300-b48	BA863	british-airways	DUB	BHX	13:00	13:50	0	+0000	+0000	Sa	-----6-	6	8	single flight code; no intermediate place in Routing column	not a column in this edition	not specified	aer-lingus-19851027-winter	1985-10-27	1986-03-29	1986-02-28	1986-03-01	Aer Lingus Winter 1985/86, tryckt s. 8: BA863, dagar Sa, lokal tid 13:00–13:50. En flygkod och ingen angiven mellanort i Routing-kolumnen ligger till grund för tolkningen som direktben. Vinteromslag: 27 oktober–29 mars. Endast fredag/lördag i målintervallet. Vinteroffset: Irland/Storbritannien UTC+0, kontinentala ändpunkter UTC+1. Planerad trafik; genomförande, flygplanstyp och verklig flygbana är inte belagda.
aer-lingus-272-DUB-BHX-1800-b48	EI272	aer-lingus	DUB	BHX	18:00	18:50	0	+0000	+0000	Daily	1234567	5,6	8	single flight code; no intermediate place in Routing column	not a column in this edition	not specified	aer-lingus-19851027-winter	1985-10-27	1986-03-29	1986-02-28	1986-03-01	Aer Lingus Winter 1985/86, tryckt s. 8: EI272, dagar Daily, lokal tid 18:00–18:50. En flygkod och ingen angiven mellanort i Routing-kolumnen ligger till grund för tolkningen som direktben. Vinteromslag: 27 oktober–29 mars. Endast fredag/lördag i målintervallet. Vinteroffset: Irland/Storbritannien UTC+0, kontinentala ändpunkter UTC+1. Planerad trafik; genomförande, flygplanstyp och verklig flygbana är inte belagda.
aer-lingus-282-DUB-BRS-0845-b48	EI282	aer-lingus	DUB	BRS	08:45	10:10	0	+0000	+0000	Daily ex. Su	123456-	5,6	8	single flight code; no intermediate place in Routing column	not a column in this edition	not specified	aer-lingus-19851027-winter	1985-10-27	1986-03-29	1986-02-28	1986-03-01	Aer Lingus Winter 1985/86, tryckt s. 8: EI282, dagar Daily ex. Su, lokal tid 08:45–10:10. En flygkod och ingen angiven mellanort i Routing-kolumnen ligger till grund för tolkningen som direktben. Vinteromslag: 27 oktober–29 mars. Endast fredag/lördag i målintervallet. Vinteroffset: Irland/Storbritannien UTC+0, kontinentala ändpunkter UTC+1. Planerad trafik; genomförande, flygplanstyp och verklig flygbana är inte belagda.
aer-lingus-286-DUB-BRS-1515-b48	EI286	aer-lingus	DUB	BRS	15:15	16:40	0	+0000	+0000	Daily ex. Sa	12345-7	5	8	single flight code; no intermediate place in Routing column	not a column in this edition	not specified	aer-lingus-19851027-winter	1985-10-27	1986-03-29	1986-02-28	1986-03-01	Aer Lingus Winter 1985/86, tryckt s. 8: EI286, dagar Daily ex. Sa, lokal tid 15:15–16:40. En flygkod och ingen angiven mellanort i Routing-kolumnen ligger till grund för tolkningen som direktben. Vinteromslag: 27 oktober–29 mars. Endast fredag/lördag i målintervallet. Vinteroffset: Irland/Storbritannien UTC+0, kontinentala ändpunkter UTC+1. Planerad trafik; genomförande, flygplanstyp och verklig flygbana är inte belagda.
aer-lingus-642-DUB-BRU-1020-b48	EI642	aer-lingus	DUB	BRU	10:20	12:50	0	+0000	+0100	Sa	-----6-	6	9	single flight code; no intermediate place in Routing column	not a column in this edition	not specified	aer-lingus-19851027-winter	1985-10-27	1986-03-29	1986-02-28	1986-03-01	Aer Lingus Winter 1985/86, tryckt s. 9: EI642, dagar Sa, lokal tid 10:20–12:50. En flygkod och ingen angiven mellanort i Routing-kolumnen ligger till grund för tolkningen som direktben. Vinteromslag: 27 oktober–29 mars. Endast fredag/lördag i målintervallet. Vinteroffset: Irland/Storbritannien UTC+0, kontinentala ändpunkter UTC+1. Planerad trafik; genomförande, flygplanstyp och verklig flygbana är inte belagda.
aer-lingus-644-DUB-BRU-1515-b48	EI644	aer-lingus	DUB	BRU	15:15	17:45	0	+0000	+0100	Fr	----5--	5	9	single flight code; no intermediate place in Routing column	not a column in this edition	not specified	aer-lingus-19851027-winter	1985-10-27	1986-03-29	1986-02-28	1986-03-01	Aer Lingus Winter 1985/86, tryckt s. 9: EI644, dagar Fr, lokal tid 15:15–17:45. En flygkod och ingen angiven mellanort i Routing-kolumnen ligger till grund för tolkningen som direktben. Vinteromslag: 27 oktober–29 mars. Endast fredag/lördag i målintervallet. Vinteroffset: Irland/Storbritannien UTC+0, kontinentala ändpunkter UTC+1. Planerad trafik; genomförande, flygplanstyp och verklig flygbana är inte belagda.
sabena-634-DUB-BRU-1955-b48	SN634	sabena	DUB	BRU	19:55	22:20	0	+0000	+0100	Fr	----5--	5	9	single flight code; no intermediate place in Routing column	not a column in this edition	not specified	aer-lingus-19851027-winter	1985-10-27	1986-03-29	1986-02-28	1986-03-01	Aer Lingus Winter 1985/86, tryckt s. 9: SN634, dagar Fr, lokal tid 19:55–22:20. En flygkod och ingen angiven mellanort i Routing-kolumnen ligger till grund för tolkningen som direktben. Vinteromslag: 27 oktober–29 mars. Endast fredag/lördag i målintervallet. Vinteroffset: Irland/Storbritannien UTC+0, kontinentala ändpunkter UTC+1. Planerad trafik; genomförande, flygplanstyp och verklig flygbana är inte belagda.
aer-lingus-624-DUB-CPH-0945-b48	EI624	aer-lingus	DUB	CPH	09:45	12:50	0	+0000	+0100	Mo Tu Th Sa	12-4-6-	6	9	single flight code; no intermediate place in Routing column	not a column in this edition	not specified	aer-lingus-19851027-winter	1985-10-27	1986-03-29	1986-02-28	1986-03-01	Aer Lingus Winter 1985/86, tryckt s. 9: EI624, dagar Mo Tu Th Sa, lokal tid 09:45–12:50. En flygkod och ingen angiven mellanort i Routing-kolumnen ligger till grund för tolkningen som direktben. Vinteromslag: 27 oktober–29 mars. Endast fredag/lördag i målintervallet. Vinteroffset: Irland/Storbritannien UTC+0, kontinentala ändpunkter UTC+1. Planerad trafik; genomförande, flygplanstyp och verklig flygbana är inte belagda.
aer-lingus-722-DUB-ORK-0815-b48	EI722	aer-lingus	DUB	ORK	08:15	09:15	0	+0000	+0000	Daily ex. Su	123456-	5,6	9	single flight code; no intermediate place in Routing column	not a column in this edition	not specified	aer-lingus-19851027-winter	1985-10-27	1986-03-29	1986-02-28	1986-03-01	Aer Lingus Winter 1985/86, tryckt s. 9: EI722, dagar Daily ex. Su, lokal tid 08:15–09:15. En flygkod och ingen angiven mellanort i Routing-kolumnen ligger till grund för tolkningen som direktben. Vinteromslag: 27 oktober–29 mars. Endast fredag/lördag i målintervallet. Vinteroffset: Irland/Storbritannien UTC+0, kontinentala ändpunkter UTC+1. Planerad trafik; genomförande, flygplanstyp och verklig flygbana är inte belagda.
aer-lingus-724-DUB-ORK-1245-b48	EI724	aer-lingus	DUB	ORK	12:45	13:45	0	+0000	+0000	Tu We Fr	-23-5--	5	9	single flight code; no intermediate place in Routing column	not a column in this edition	not specified	aer-lingus-19851027-winter	1985-10-27	1986-03-29	1986-02-28	1986-03-01	Aer Lingus Winter 1985/86, tryckt s. 9: EI724, dagar Tu We Fr, lokal tid 12:45–13:45. En flygkod och ingen angiven mellanort i Routing-kolumnen ligger till grund för tolkningen som direktben. Vinteromslag: 27 oktober–29 mars. Endast fredag/lördag i målintervallet. Vinteroffset: Irland/Storbritannien UTC+0, kontinentala ändpunkter UTC+1. Planerad trafik; genomförande, flygplanstyp och verklig flygbana är inte belagda.
aer-lingus-726-DUB-ORK-1520-b48	EI726	aer-lingus	DUB	ORK	15:20	16:20	0	+0000	+0000	Mo Tu We Th Fr	12345--	5	9	single flight code; no intermediate place in Routing column	not a column in this edition	not specified	aer-lingus-19851027-winter	1985-10-27	1986-03-29	1986-02-28	1986-03-01	Aer Lingus Winter 1985/86, tryckt s. 9: EI726, dagar Mo Tu We Th Fr, lokal tid 15:20–16:20. En flygkod och ingen angiven mellanort i Routing-kolumnen ligger till grund för tolkningen som direktben. Vinteromslag: 27 oktober–29 mars. Endast fredag/lördag i målintervallet. Vinteroffset: Irland/Storbritannien UTC+0, kontinentala ändpunkter UTC+1. Planerad trafik; genomförande, flygplanstyp och verklig flygbana är inte belagda.
aer-lingus-800-DUB-ORK-1800-b48	EI800	aer-lingus	DUB	ORK	18:00	19:00	0	+0000	+0000	Daily ex. Sa	12345-7	5	9	single flight code; no intermediate place in Routing column	not a column in this edition	not specified	aer-lingus-19851027-winter	1985-10-27	1986-03-29	1986-02-28	1986-03-01	Aer Lingus Winter 1985/86, tryckt s. 9: EI800, dagar Daily ex. Sa, lokal tid 18:00–19:00. En flygkod och ingen angiven mellanort i Routing-kolumnen ligger till grund för tolkningen som direktben. Vinteromslag: 27 oktober–29 mars. Endast fredag/lördag i målintervallet. Vinteroffset: Irland/Storbritannien UTC+0, kontinentala ändpunkter UTC+1. Planerad trafik; genomförande, flygplanstyp och verklig flygbana är inte belagda.
aer-lingus-698-DUB-DUS-1615-b48	EI698	aer-lingus	DUB	DUS	16:15	18:55	0	+0000	+0100	Daily ex. Sa	12345-7	5	9	single flight code; no intermediate place in Routing column	not a column in this edition	not specified	aer-lingus-19851027-winter	1985-10-27	1986-03-29	1986-02-28	1986-03-01	Aer Lingus Winter 1985/86, tryckt s. 9: EI698, dagar Daily ex. Sa, lokal tid 16:15–18:55. En flygkod och ingen angiven mellanort i Routing-kolumnen ligger till grund för tolkningen som direktben. Vinteromslag: 27 oktober–29 mars. Endast fredag/lördag i målintervallet. Vinteroffset: Irland/Storbritannien UTC+0, kontinentala ändpunkter UTC+1. Planerad trafik; genomförande, flygplanstyp och verklig flygbana är inte belagda.
aer-lingus-322-DUB-EMA-0830-b48	EI322	aer-lingus	DUB	EMA	08:30	09:50	0	+0000	+0000	Mo Tu We Th Fr	12345--	5	9	single flight code; no intermediate place in Routing column	not a column in this edition	not specified	aer-lingus-19851027-winter	1985-10-27	1986-03-29	1986-02-28	1986-03-01	Aer Lingus Winter 1985/86, tryckt s. 9: EI322, dagar Mo Tu We Th Fr, lokal tid 08:30–09:50. En flygkod och ingen angiven mellanort i Routing-kolumnen ligger till grund för tolkningen som direktben. Vinteromslag: 27 oktober–29 mars. Endast fredag/lördag i målintervallet. Vinteroffset: Irland/Storbritannien UTC+0, kontinentala ändpunkter UTC+1. Planerad trafik; genomförande, flygplanstyp och verklig flygbana är inte belagda.
aer-lingus-328-DUB-EMA-1725-b48	EI328	aer-lingus	DUB	EMA	17:25	18:45	0	+0000	+0000	Daily ex. Sa	12345-7	5	9	single flight code; no intermediate place in Routing column	not a column in this edition	not specified	aer-lingus-19851027-winter	1985-10-27	1986-03-29	1986-02-28	1986-03-01	Aer Lingus Winter 1985/86, tryckt s. 9: EI328, dagar Daily ex. Sa, lokal tid 17:25–18:45. En flygkod och ingen angiven mellanort i Routing-kolumnen ligger till grund för tolkningen som direktben. Vinteromslag: 27 oktober–29 mars. Endast fredag/lördag i målintervallet. Vinteroffset: Irland/Storbritannien UTC+0, kontinentala ändpunkter UTC+1. Planerad trafik; genomförande, flygplanstyp och verklig flygbana är inte belagda.
aer-lingus-254-DUB-EDI-1100-b48	EI254	aer-lingus	DUB	EDI	11:00	12:25	0	+0000	+0000	Daily ex. Sa	12345-7	5	9	single flight code; no intermediate place in Routing column	not a column in this edition	not specified	aer-lingus-19851027-winter	1985-10-27	1986-03-29	1986-02-28	1986-03-01	Aer Lingus Winter 1985/86, tryckt s. 9: EI254, dagar Daily ex. Sa, lokal tid 11:00–12:25. En flygkod och ingen angiven mellanort i Routing-kolumnen ligger till grund för tolkningen som direktben. Vinteromslag: 27 oktober–29 mars. Endast fredag/lördag i målintervallet. Vinteroffset: Irland/Storbritannien UTC+0, kontinentala ändpunkter UTC+1. Planerad trafik; genomförande, flygplanstyp och verklig flygbana är inte belagda.
aer-lingus-258-DUB-EDI-1815-b48	EI258	aer-lingus	DUB	EDI	18:15	19:40	0	+0000	+0000	Mo We Fr Sa	1-3-56-	5,6	9	single flight code; no intermediate place in Routing column	not a column in this edition	not specified	aer-lingus-19851027-winter	1985-10-27	1986-03-29	1986-02-28	1986-03-01	Aer Lingus Winter 1985/86, tryckt s. 9: EI258, dagar Mo We Fr Sa, lokal tid 18:15–19:40. En flygkod och ingen angiven mellanort i Routing-kolumnen ligger till grund för tolkningen som direktben. Vinteromslag: 27 oktober–29 mars. Endast fredag/lördag i målintervallet. Vinteroffset: Irland/Storbritannien UTC+0, kontinentala ändpunkter UTC+1. Planerad trafik; genomförande, flygplanstyp och verklig flygbana är inte belagda.
british-airways-838-LHR-ORK-1115-b48	BA838	british-airways	LHR	ORK	11:15	12:30	0	+0000	+0000	Daily	1234567	5,6	18	single flight code; no intermediate place in Routing column	not a column in this edition	not specified	aer-lingus-19851027-winter	1985-10-27	1986-03-29	1986-02-28	1986-03-01	Aer Lingus Winter 1985/86, tryckt s. 18: BA838, dagar Daily, lokal tid 11:15–12:30. En flygkod och ingen angiven mellanort i Routing-kolumnen ligger till grund för tolkningen som direktben. Vinteromslag: 27 oktober–29 mars. Endast fredag/lördag i målintervallet. Vinteroffset: Irland/Storbritannien UTC+0, kontinentala ändpunkter UTC+1. Planerad trafik; genomförande, flygplanstyp och verklig flygbana är inte belagda.
aer-lingus-713-LHR-ORK-1550-b48	EI713	aer-lingus	LHR	ORK	15:50	17:05	0	+0000	+0000	Daily ex. Su	123456-	5,6	18	single flight code; no intermediate place in Routing column	not a column in this edition	not specified	aer-lingus-19851027-winter	1985-10-27	1986-03-29	1986-02-28	1986-03-01	Aer Lingus Winter 1985/86, tryckt s. 18: EI713, dagar Daily ex. Su, lokal tid 15:50–17:05. En flygkod och ingen angiven mellanort i Routing-kolumnen ligger till grund för tolkningen som direktben. Vinteromslag: 27 oktober–29 mars. Endast fredag/lördag i målintervallet. Vinteroffset: Irland/Storbritannien UTC+0, kontinentala ändpunkter UTC+1. Planerad trafik; genomförande, flygplanstyp och verklig flygbana är inte belagda.
aer-lingus-717-LHR-ORK-1940-b48	EI717	aer-lingus	LHR	ORK	19:40	20:55	0	+0000	+0000	Daily ex. Sa	12345-7	5	18	single flight code; no intermediate place in Routing column	not a column in this edition	not specified	aer-lingus-19851027-winter	1985-10-27	1986-03-29	1986-02-28	1986-03-01	Aer Lingus Winter 1985/86, tryckt s. 18: EI717, dagar Daily ex. Sa, lokal tid 19:40–20:55. En flygkod och ingen angiven mellanort i Routing-kolumnen ligger till grund för tolkningen som direktben. Vinteromslag: 27 oktober–29 mars. Endast fredag/lördag i målintervallet. Vinteroffset: Irland/Storbritannien UTC+0, kontinentala ändpunkter UTC+1. Planerad trafik; genomförande, flygplanstyp och verklig flygbana är inte belagda.
british-airways-834-LHR-SNN-1025-b48	BA834	british-airways	LHR	SNN	10:25	11:45	0	+0000	+0000	Daily	1234567	5,6	18	single flight code; no intermediate place in Routing column	not a column in this edition	not specified	aer-lingus-19851027-winter	1985-10-27	1986-03-29	1986-02-28	1986-03-01	Aer Lingus Winter 1985/86, tryckt s. 18: BA834, dagar Daily, lokal tid 10:25–11:45. En flygkod och ingen angiven mellanort i Routing-kolumnen ligger till grund för tolkningen som direktben. Vinteromslag: 27 oktober–29 mars. Endast fredag/lördag i målintervallet. Vinteroffset: Irland/Storbritannien UTC+0, kontinentala ändpunkter UTC+1. Planerad trafik; genomförande, flygplanstyp och verklig flygbana är inte belagda.
aer-lingus-143-LHR-SNN-1115-b48	EI143	aer-lingus	LHR	SNN	11:15	12:35	0	+0000	+0000	Daily ex. Su	123456-	5,6	18	single flight code; no intermediate place in Routing column	not a column in this edition	not specified	aer-lingus-19851027-winter	1985-10-27	1986-03-29	1986-02-28	1986-03-01	Aer Lingus Winter 1985/86, tryckt s. 18: EI143, dagar Daily ex. Su, lokal tid 11:15–12:35. En flygkod och ingen angiven mellanort i Routing-kolumnen ligger till grund för tolkningen som direktben. Vinteromslag: 27 oktober–29 mars. Endast fredag/lördag i målintervallet. Vinteroffset: Irland/Storbritannien UTC+0, kontinentala ändpunkter UTC+1. Planerad trafik; genomförande, flygplanstyp och verklig flygbana är inte belagda.
dan-air-723-LGW-ORK-1500-b48	DA723	dan-air	LGW	ORK	15:00	16:15	0	+0000	+0000	1-3-5--	1-3-5--	5	12	printed Stops 0	0	not specified	dan-air-19851027-system	1985-10-27	1986-03-30	1986-02-28	1986-03-01	Dan-Air Winter 1985/86, tryckt s. 12: DA723, dagar 1-3-5--, lokal tid 15:00–16:15. Stops 0. Teckenförklaring s. 2 anger lokaltid, 1=måndag … 7=söndag och G=Gatwick. Giltighet 27 oktober 1985–30 mars 1986. Endast fredag/lördag i målintervallet. Vinteroffset: Irland/Storbritannien UTC+0, kontinentala ändpunkter UTC+1. Planerad trafik; genomförande, flygplanstyp och verklig flygbana är inte belagda.
dan-air-724-ORK-LGW-1700-b48	DA724	dan-air	ORK	LGW	17:00	18:15	0	+0000	+0000	1-3-5--	1-3-5--	5	8	printed Stops 0	0	not specified	dan-air-19851027-system	1985-10-27	1986-03-30	1986-02-28	1986-03-01	Dan-Air Winter 1985/86, tryckt s. 8: DA724, dagar 1-3-5--, lokal tid 17:00–18:15. Stops 0. Teckenförklaring s. 2 anger lokaltid, 1=måndag … 7=söndag och G=Gatwick. Giltighet 27 oktober 1985–30 mars 1986. Endast fredag/lördag i målintervallet. Vinteroffset: Irland/Storbritannien UTC+0, kontinentala ändpunkter UTC+1. Planerad trafik; genomförande, flygplanstyp och verklig flygbana är inte belagda.
dan-air-772-DUB-LGW-0950-b48	DA772	dan-air	DUB	LGW	09:50	11:00	0	+0000	+0000	12345--	12345--	5	9	printed Stops 0	0	not specified	dan-air-19851027-system	1985-10-27	1986-03-30	1986-02-28	1986-03-01	Dan-Air Winter 1985/86, tryckt s. 9: DA772, dagar 12345--, lokal tid 09:50–11:00. Stops 0. Teckenförklaring s. 2 anger lokaltid, 1=måndag … 7=söndag och G=Gatwick. Giltighet 27 oktober 1985–30 mars 1986. Endast fredag/lördag i målintervallet. Vinteroffset: Irland/Storbritannien UTC+0, kontinentala ändpunkter UTC+1. Planerad trafik; genomförande, flygplanstyp och verklig flygbana är inte belagda.
dan-air-756-DUB-NCL-1745-b48	DA756	dan-air	DUB	NCL	17:45	19:00	0	+0000	+0000	1-3-5--	1-3-5--	5	9	printed Stops 0	0	not specified	dan-air-19851027-system	1985-10-27	1986-03-30	1986-02-28	1986-03-01	Dan-Air Winter 1985/86, tryckt s. 9: DA756, dagar 1-3-5--, lokal tid 17:45–19:00. Stops 0. Teckenförklaring s. 2 anger lokaltid, 1=måndag … 7=söndag och G=Gatwick. Giltighet 27 oktober 1985–30 mars 1986. Endast fredag/lördag i målintervallet. Vinteroffset: Irland/Storbritannien UTC+0, kontinentala ändpunkter UTC+1. Planerad trafik; genomförande, flygplanstyp och verklig flygbana är inte belagda.
