source_row	schedule	action	airline	flight	origin	destination	printed_departure	printed_arrival	departure_local	arrival_local	arrival_day_offset	printed_frequency	decoded_days	printed_stops_or_via	printed_page	footnote	source	source_effective_from	source_effective_to	import_valid_from	import_valid_to	decision_note
1		excluded_connection	connection	529/118	MLU	ATL	612a	1112a	06:12	11:12	0	D	1234567	DFW	159		delta-19860201	1986-02-01				Connecting itinerary; not imported as a direct physical leg.
2		excluded_connection	connection	1456/208	MLU	ATL	700a	1051a	07:00	10:51	0	X7	123456	MEM	159		delta-19860201	1986-02-01				Connecting itinerary; not imported as a direct physical leg.
3		excluded_through_stops	delta	584	MLU	ATL	910a	1227p	09:10	12:27	0	D	1234567	1	159		delta-19860201	1986-02-01				Through service with one stop; not imported as a nonstop physical leg.
4	delta-471-MLU-ATL-1300-b88	new_schedule	delta	471	MLU	ATL	100p	308p	13:00	15:08	0	D	1234567	0	159		delta-19860201	1986-02-01		1986-02-27	1986-03-01	Individually printed nonstop row; no dated footnote. Weekdays belong to this physical leg.
5		excluded_connection	connection	1458/305	MLU	ATL	222p	556p	14:22	17:56	0	D	1234567	MEM	159		delta-19860201	1986-02-01				Connecting itinerary; not imported as a direct physical leg.
6		excluded_connection	connection	691/537	MLU	ATL	410p	745p	16:10	19:45	0	D	1234567	SHV	159		delta-19860201	1986-02-01				Connecting itinerary; not imported as a direct physical leg.
7		excluded_through_stops	delta	1036	MLU	ATL	705p	954p	19:05	21:54	0	D	1234567	1	159		delta-19860201	1986-02-01				Through service with one stop; not imported as a nonstop physical leg.
8		excluded_connection	connection	1114/1457	ATL	MLU	720a	1040a	07:20	10:40	0	X7	123456	MEM	16		delta-19860201	1986-02-01				Connecting itinerary; not imported as a direct physical leg.
9		excluded_connection	connection	223/471	ATL	MLU	842a	1235p	08:42	12:35	0	D	1234567	DFW	16		delta-19860201	1986-02-01				Connecting itinerary; not imported as a direct physical leg.
10		excluded_connection	connection	409/1457	ATL	MLU	848a	1040a	08:48	10:40	0	X7	123456	MEM	16		delta-19860201	1986-02-01				Connecting itinerary; not imported as a direct physical leg.
11		excluded_through_stops	delta	941	ATL	MLU	1210p	115p	12:10	13:15	0	D	1234567	1	16		delta-19860201	1986-02-01				Through service with one stop; not imported as a nonstop physical leg.
12	delta-691-ATL-MLU-1527-b88	new_schedule	delta	691	ATL	MLU	327p	350p	15:27	15:50	0	D	1234567	0	16		delta-19860201	1986-02-01		1986-02-27	1986-03-01	Individually printed nonstop row; no dated footnote. Weekdays belong to this physical leg.
13		excluded_through_stops	delta	583	ATL	MLU	639p	742p	18:39	19:42	0	D	1234567	1	16		delta-19860201	1986-02-01				Through service with one stop; not imported as a nonstop physical leg.
14		excluded_through_stops	delta	529	MLU	DFW	612a	750a	06:12	07:50	0	D	1234567	1	159		delta-19860201	1986-02-01				Through service with one stop; not imported as a nonstop physical leg.
15	delta-941-MLU-DFW-1335-b88	new_schedule	delta	941	MLU	DFW	135p	233p	13:35	14:33	0	D	1234567	0	159		delta-19860201	1986-02-01		1986-02-27	1986-03-01	Individually printed nonstop row; no dated footnote. Weekdays belong to this physical leg.
16		excluded_through_stops	delta	691	MLU	DFW	410p	545p	16:10	17:45	0	D	1234567	1	159		delta-19860201	1986-02-01				Through service with one stop; not imported as a nonstop physical leg.
17		excluded_through_stops	delta	584	DFW	MLU	711a	848a	07:11	08:48	0	D	1234567	1	66		delta-19860201	1986-02-01				Through service with one stop; not imported as a nonstop physical leg.
18		excluded_through_stops	delta	471	DFW	MLU	1058a	1235p	10:58	12:35	0	D	1234567	1	66		delta-19860201	1986-02-01				Through service with one stop; not imported as a nonstop physical leg.
19	delta-1036-DFW-MLU-1751-b88	new_schedule	delta	1036	DFW	MLU	551p	645p	17:51	18:45	0	D	1234567	0	66		delta-19860201	1986-02-01		1986-02-27	1986-03-01	Individually printed nonstop row; no dated footnote. Weekdays belong to this physical leg.
20		excluded_through_stops	delta	662	DFW	MLU	756p	928p	19:56	21:28	0	D	1234567	1	66		delta-19860201	1986-02-01				Through service with one stop; not imported as a nonstop physical leg.
21	delta-1036-MLU-JAN-1905-b88	new_schedule	delta	1036	MLU	JAN	705p	731p	19:05	19:31	0	D	1234567	0	159		delta-19860201	1986-02-01		1986-02-27	1986-03-01	Individually printed nonstop row; no dated footnote. Weekdays belong to this physical leg.
22	delta-941-JAN-MLU-1245-b88	new_schedule	delta	941	JAN	MLU	1245p	115p	12:45	13:15	0	D	1234567	0	114		delta-19860201	1986-02-01		1986-02-27	1986-03-01	Individually printed nonstop row; no dated footnote. Weekdays belong to this physical leg.
23	delta-583-JAN-MLU-1912-b88	new_schedule	delta	583	JAN	MLU	712p	742p	19:12	19:42	0	D	1234567	0	114		delta-19860201	1986-02-01		1986-02-27	1986-03-01	Individually printed nonstop row; no dated footnote. Weekdays belong to this physical leg.
24	atlantic-southeast-1456-MLU-MEM-0700-b88	new_schedule	atlantic-southeast	1456	MLU	MEM	700a	810a	07:00	08:10	0	X7	123456	0	159		delta-19860201	1986-02-01		1986-02-27	1986-03-01	Individually printed nonstop row; no dated footnote. Weekdays belong to this physical leg.
25	atlantic-southeast-1457-MLU-MEM-1050-b88	new_schedule	atlantic-southeast	1457	MLU	MEM	1050a	1155a	10:50	11:55	0	D	1234567	0	159		delta-19860201	1986-02-01		1986-02-27	1986-03-01	Individually printed nonstop row; no dated footnote. Weekdays belong to this physical leg.
26	atlantic-southeast-1458-MLU-MEM-1422-b88	new_schedule	atlantic-southeast	1458	MLU	MEM	222p	330p	14:22	15:30	0	D	1234567	0	159		delta-19860201	1986-02-01		1986-02-27	1986-03-01	Individually printed nonstop row; no dated footnote. Weekdays belong to this physical leg.
27	atlantic-southeast-1457-MEM-MLU-0935-b88	new_schedule	atlantic-southeast	1457	MEM	MLU	935a	1040a	09:35	10:40	0	X7	123456	0	147		delta-19860201	1986-02-01		1986-02-27	1986-03-01	Individually printed nonstop row; no dated footnote. Weekdays belong to this physical leg.
28	atlantic-southeast-1458-MEM-MLU-1307-b88	new_schedule	atlantic-southeast	1458	MEM	MLU	107p	212p	13:07	14:12	0	D	1234567	0	147		delta-19860201	1986-02-01		1986-02-27	1986-03-01	Individually printed nonstop row; no dated footnote. Weekdays belong to this physical leg.
29	atlantic-southeast-1460-MEM-MLU-2005-b88	new_schedule	atlantic-southeast	1460	MEM	MLU	805p	915p	20:05	21:15	0	D	1234567	0	147		delta-19860201	1986-02-01		1986-02-27	1986-03-01	Individually printed nonstop row; no dated footnote. Weekdays belong to this physical leg.
30	delta-529-MLU-SHV-0612-b88	new_schedule	delta	529	MLU	SHV	612a	640a	06:12	06:40	0	D	1234567	0	160		delta-19860201	1986-02-01		1986-02-27	1986-03-01	Individually printed nonstop row; no dated footnote. Weekdays belong to this physical leg.
31	delta-691-MLU-SHV-1610-b88	new_schedule	delta	691	MLU	SHV	410p	438p	16:10	16:38	0	D	1234567	0	160		delta-19860201	1986-02-01		1986-02-27	1986-03-01	Individually printed nonstop row; no dated footnote. Weekdays belong to this physical leg.
32	delta-584-SHV-MLU-0820-b88	new_schedule	delta	584	SHV	MLU	820a	848a	08:20	08:48	0	D	1234567	0	226		delta-19860201	1986-02-01		1986-02-27	1986-03-01	Individually printed nonstop row; no dated footnote. Weekdays belong to this physical leg.
33	delta-471-SHV-MLU-1207-b88	new_schedule	delta	471	SHV	MLU	1207p	1235p	12:07	12:35	0	D	1234567	0	226		delta-19860201	1986-02-01		1986-02-27	1986-03-01	Individually printed nonstop row; no dated footnote. Weekdays belong to this physical leg.
34	delta-662-SHV-MLU-2100-b88	new_schedule	delta	662	SHV	MLU	900p	928p	21:00	21:28	0	D	1234567	0	226		delta-19860201	1986-02-01		1986-02-27	1986-03-01	Individually printed nonstop row; no dated footnote. Weekdays belong to this physical leg.
