schedule	printed_code	source_airline	origin	destination	departure_local	arrival_local	printed_days	days_in_import_window	printed_page	source	printed_valid_from	printed_valid_to	import_valid_from	import_valid_to	via_marker	note
air-france-1917-AMS-LYS-1030-d5-b32	AFKL1917	air-france	AMS	LYS	10:30	12:00	12345--	5	13	air-france-19851027-no25	1985-10-27	1986-03-29	1986-02-28	1986-03-01	nonstop_arrow	Air France nr 25, tryckt s. 13. Visuellt granskad nonstoprad med pil i VIA-kolumnen. Tryckt kod AFKL1917, dagmönster 12345-- (1=måndag, 7=söndag). Import endast 28 februari–1 mars 1986; dagar 5. Lokala tider, UTC+1 vid båda ändpunkterna. G/B=Charles de Gaulle enligt s. 3 och sidrubrik. Publicerad tidtabell, inte belagt genomförande. Dubbelkoden betyder samarbete enligt s. 4. Grupperad efter första tryckta bolagskod och räknad en gång; faktisk utförande operatör är inte fastställd.
klm-335-AMS-NCE-0800-d56-b32	KL335	klm	AMS	NCE	08:00	09:45	-2--56-	56	13	air-france-19851027-no25	1985-10-27	1986-03-29	1986-02-28	1986-03-01	nonstop_arrow	Air France nr 25, tryckt s. 13. Visuellt granskad nonstoprad med pil i VIA-kolumnen. Tryckt kod KL335, dagmönster -2--56- (1=måndag, 7=söndag). Import endast 28 februari–1 mars 1986; dagar 56. Lokala tider, UTC+1 vid båda ändpunkterna. G/B=Charles de Gaulle enligt s. 3 och sidrubrik. Publicerad tidtabell, inte belagt genomförande.
klm-323-AMS-CDG-0730-d56-b32	KL323	klm	AMS	CDG	07:30	08:30	1234567	56	13	air-france-19851027-no25	1985-10-27	1986-03-29	1986-02-28	1986-03-01	nonstop_arrow	Air France nr 25, tryckt s. 13. Visuellt granskad nonstoprad med pil i VIA-kolumnen. Tryckt kod KL323, dagmönster 1234567 (1=måndag, 7=söndag). Import endast 28 februari–1 mars 1986; dagar 56. Lokala tider, UTC+1 vid båda ändpunkterna. G/B=Charles de Gaulle enligt s. 3 och sidrubrik. Publicerad tidtabell, inte belagt genomförande.
klm-325-AMS-CDG-0845-d56-b32	KL325	klm	AMS	CDG	08:45	09:45	1234567	56	13	air-france-19851027-no25	1985-10-27	1986-03-29	1986-02-28	1986-03-01	nonstop_arrow	Air France nr 25, tryckt s. 13. Visuellt granskad nonstoprad med pil i VIA-kolumnen. Tryckt kod KL325, dagmönster 1234567 (1=måndag, 7=söndag). Import endast 28 februari–1 mars 1986; dagar 56. Lokala tider, UTC+1 vid båda ändpunkterna. G/B=Charles de Gaulle enligt s. 3 och sidrubrik. Publicerad tidtabell, inte belagt genomförande.
air-france-911-AMS-CDG-0915-d56-b32	AF911	air-france	AMS	CDG	09:15	10:15	123456-	56	13	air-france-19851027-no25	1985-10-27	1986-03-29	1986-02-28	1986-03-01	nonstop_arrow	Air France nr 25, tryckt s. 13. Visuellt granskad nonstoprad med pil i VIA-kolumnen. Tryckt kod AF911, dagmönster 123456- (1=måndag, 7=söndag). Import endast 28 februari–1 mars 1986; dagar 56. Lokala tider, UTC+1 vid båda ändpunkterna. G/B=Charles de Gaulle enligt s. 3 och sidrubrik. Publicerad tidtabell, inte belagt genomförande.
klm-327-AMS-CDG-1305-d56-b32	KL327	klm	AMS	CDG	13:05	14:05	1234567	56	13	air-france-19851027-no25	1985-10-27	1986-03-29	1986-02-28	1986-03-01	nonstop_arrow	Air France nr 25, tryckt s. 13. Visuellt granskad nonstoprad med pil i VIA-kolumnen. Tryckt kod KL327, dagmönster 1234567 (1=måndag, 7=söndag). Import endast 28 februari–1 mars 1986; dagar 56. Lokala tider, UTC+1 vid båda ändpunkterna. G/B=Charles de Gaulle enligt s. 3 och sidrubrik. Publicerad tidtabell, inte belagt genomförande.
air-france-913-AMS-CDG-1335-d5-b32	AF913	air-france	AMS	CDG	13:35	14:35	12345-7	5	13	air-france-19851027-no25	1985-10-27	1986-03-29	1986-02-28	1986-03-01	nonstop_arrow	Air France nr 25, tryckt s. 13. Visuellt granskad nonstoprad med pil i VIA-kolumnen. Tryckt kod AF913, dagmönster 12345-7 (1=måndag, 7=söndag). Import endast 28 februari–1 mars 1986; dagar 5. Lokala tider, UTC+1 vid båda ändpunkterna. G/B=Charles de Gaulle enligt s. 3 och sidrubrik. Publicerad tidtabell, inte belagt genomförande.
air-france-915-AMS-CDG-1710-d56-b32	AF915	air-france	AMS	CDG	17:10	18:10	1234567	56	13	air-france-19851027-no25	1985-10-27	1986-03-29	1986-02-28	1986-03-01	nonstop_arrow	Air France nr 25, tryckt s. 13. Visuellt granskad nonstoprad med pil i VIA-kolumnen. Tryckt kod AF915, dagmönster 1234567 (1=måndag, 7=söndag). Import endast 28 februari–1 mars 1986; dagar 56. Lokala tider, UTC+1 vid båda ändpunkterna. G/B=Charles de Gaulle enligt s. 3 och sidrubrik. Publicerad tidtabell, inte belagt genomförande.
klm-329-AMS-CDG-1725-d56-b32	KL329	klm	AMS	CDG	17:25	18:25	1234567	56	13	air-france-19851027-no25	1985-10-27	1986-03-29	1986-02-28	1986-03-01	nonstop_arrow	Air France nr 25, tryckt s. 13. Visuellt granskad nonstoprad med pil i VIA-kolumnen. Tryckt kod KL329, dagmönster 1234567 (1=måndag, 7=söndag). Import endast 28 februari–1 mars 1986; dagar 56. Lokala tider, UTC+1 vid båda ändpunkterna. G/B=Charles de Gaulle enligt s. 3 och sidrubrik. Publicerad tidtabell, inte belagt genomförande.
air-france-917-AMS-CDG-2045-d5-b32	AF917	air-france	AMS	CDG	20:45	21:45	12345-7	5	13	air-france-19851027-no25	1985-10-27	1986-03-29	1986-02-28	1986-03-01	nonstop_arrow	Air France nr 25, tryckt s. 13. Visuellt granskad nonstoprad med pil i VIA-kolumnen. Tryckt kod AF917, dagmönster 12345-7 (1=måndag, 7=söndag). Import endast 28 februari–1 mars 1986; dagar 5. Lokala tider, UTC+1 vid båda ändpunkterna. G/B=Charles de Gaulle enligt s. 3 och sidrubrik. Publicerad tidtabell, inte belagt genomförande.
air-france-1914-LYS-AMS-0815-d5-b32	AFKL1914	air-france	LYS	AMS	08:15	09:50	12345--	5	43	air-france-19851027-no25	1985-10-27	1986-03-29	1986-02-28	1986-03-01	nonstop_arrow	Air France nr 25, tryckt s. 43. Visuellt granskad nonstoprad med pil i VIA-kolumnen. Tryckt kod AFKL1914, dagmönster 12345-- (1=måndag, 7=söndag). Import endast 28 februari–1 mars 1986; dagar 5. Lokala tider, UTC+1 vid båda ändpunkterna. G/B=Charles de Gaulle enligt s. 3 och sidrubrik. Publicerad tidtabell, inte belagt genomförande. Dubbelkoden betyder samarbete enligt s. 4. Grupperad efter första tryckta bolagskod och räknad en gång; faktisk utförande operatör är inte fastställd.
klm-336-NCE-AMS-1025-d56-b32	KL336	klm	NCE	AMS	10:25	12:10	-2--56-	56	56	air-france-19851027-no25	1985-10-27	1986-03-29	1986-02-28	1986-03-01	nonstop_arrow	Air France nr 25, tryckt s. 56. Visuellt granskad nonstoprad med pil i VIA-kolumnen. Tryckt kod KL336, dagmönster -2--56- (1=måndag, 7=söndag). Import endast 28 februari–1 mars 1986; dagar 56. Lokala tider, UTC+1 vid båda ändpunkterna. G/B=Charles de Gaulle enligt s. 3 och sidrubrik. Publicerad tidtabell, inte belagt genomförande.
air-france-910-CDG-AMS-0730-d56-b32	AF910	air-france	CDG	AMS	07:30	08:30	123456-	56	61	air-france-19851027-no25	1985-10-27	1986-03-29	1986-02-28	1986-03-01	nonstop_arrow	Air France nr 25, tryckt s. 61. Visuellt granskad nonstoprad med pil i VIA-kolumnen. Tryckt kod AF910, dagmönster 123456- (1=måndag, 7=söndag). Import endast 28 februari–1 mars 1986; dagar 56. Lokala tider, UTC+1 vid båda ändpunkterna. G/B=Charles de Gaulle enligt s. 3 och sidrubrik. Publicerad tidtabell, inte belagt genomförande.
klm-324-CDG-AMS-0910-d56-b32	KL324	klm	CDG	AMS	09:10	10:10	1234567	56	61	air-france-19851027-no25	1985-10-27	1986-03-29	1986-02-28	1986-03-01	nonstop_arrow	Air France nr 25, tryckt s. 61. Visuellt granskad nonstoprad med pil i VIA-kolumnen. Tryckt kod KL324, dagmönster 1234567 (1=måndag, 7=söndag). Import endast 28 februari–1 mars 1986; dagar 56. Lokala tider, UTC+1 vid båda ändpunkterna. G/B=Charles de Gaulle enligt s. 3 och sidrubrik. Publicerad tidtabell, inte belagt genomförande.
klm-326-CDG-AMS-1045-d56-b32	KL326	klm	CDG	AMS	10:45	11:45	1234567	56	61	air-france-19851027-no25	1985-10-27	1986-03-29	1986-02-28	1986-03-01	nonstop_arrow	Air France nr 25, tryckt s. 61. Visuellt granskad nonstoprad med pil i VIA-kolumnen. Tryckt kod KL326, dagmönster 1234567 (1=måndag, 7=söndag). Import endast 28 februari–1 mars 1986; dagar 56. Lokala tider, UTC+1 vid båda ändpunkterna. G/B=Charles de Gaulle enligt s. 3 och sidrubrik. Publicerad tidtabell, inte belagt genomförande.
air-france-912-CDG-AMS-1155-d5-b32	AF912	air-france	CDG	AMS	11:55	12:55	12345-7	5	61	air-france-19851027-no25	1985-10-27	1986-03-29	1986-02-28	1986-03-01	nonstop_arrow	Air France nr 25, tryckt s. 61. Visuellt granskad nonstoprad med pil i VIA-kolumnen. Tryckt kod AF912, dagmönster 12345-7 (1=måndag, 7=söndag). Import endast 28 februari–1 mars 1986; dagar 5. Lokala tider, UTC+1 vid båda ändpunkterna. G/B=Charles de Gaulle enligt s. 3 och sidrubrik. Publicerad tidtabell, inte belagt genomförande.
klm-328-CDG-AMS-1445-d56-b32	KL328	klm	CDG	AMS	14:45	15:45	1234567	56	61	air-france-19851027-no25	1985-10-27	1986-03-29	1986-02-28	1986-03-01	nonstop_arrow	Air France nr 25, tryckt s. 61. Visuellt granskad nonstoprad med pil i VIA-kolumnen. Tryckt kod KL328, dagmönster 1234567 (1=måndag, 7=söndag). Import endast 28 februari–1 mars 1986; dagar 56. Lokala tider, UTC+1 vid båda ändpunkterna. G/B=Charles de Gaulle enligt s. 3 och sidrubrik. Publicerad tidtabell, inte belagt genomförande.
air-france-914-CDG-AMS-1525-d56-b32	AF914	air-france	CDG	AMS	15:25	16:25	123456-	56	61	air-france-19851027-no25	1985-10-27	1986-03-29	1986-02-28	1986-03-01	nonstop_arrow	Air France nr 25, tryckt s. 61. Visuellt granskad nonstoprad med pil i VIA-kolumnen. Tryckt kod AF914, dagmönster 123456- (1=måndag, 7=söndag). Import endast 28 februari–1 mars 1986; dagar 56. Lokala tider, UTC+1 vid båda ändpunkterna. G/B=Charles de Gaulle enligt s. 3 och sidrubrik. Publicerad tidtabell, inte belagt genomförande.
air-france-916-CDG-AMS-1900-d5-b32	AF916	air-france	CDG	AMS	19:00	20:00	12345-7	5	61	air-france-19851027-no25	1985-10-27	1986-03-29	1986-02-28	1986-03-01	nonstop_arrow	Air France nr 25, tryckt s. 61. Visuellt granskad nonstoprad med pil i VIA-kolumnen. Tryckt kod AF916, dagmönster 12345-7 (1=måndag, 7=söndag). Import endast 28 februari–1 mars 1986; dagar 5. Lokala tider, UTC+1 vid båda ändpunkterna. G/B=Charles de Gaulle enligt s. 3 och sidrubrik. Publicerad tidtabell, inte belagt genomförande.
klm-330-CDG-AMS-1950-d5-b32	KL330	klm	CDG	AMS	19:50	20:50	12345-7	5	61	air-france-19851027-no25	1985-10-27	1986-03-29	1986-02-28	1986-03-01	nonstop_arrow	Air France nr 25, tryckt s. 61. Visuellt granskad nonstoprad med pil i VIA-kolumnen. Tryckt kod KL330, dagmönster 12345-7 (1=måndag, 7=söndag). Import endast 28 februari–1 mars 1986; dagar 5. Lokala tider, UTC+1 vid båda ändpunkterna. G/B=Charles de Gaulle enligt s. 3 och sidrubrik. Publicerad tidtabell, inte belagt genomförande.
klm-308-CDG-RTM-1950-d5-b32	KLAF308	klm	CDG	RTM	19:50	20:45	12345--	5	75	air-france-19851027-no25	1985-10-27	1986-03-29	1986-02-28	1986-03-01	nonstop_arrow	Air France nr 25, tryckt s. 75. Visuellt granskad nonstoprad med pil i VIA-kolumnen. Tryckt kod KLAF308, dagmönster 12345-- (1=måndag, 7=söndag). Import endast 28 februari–1 mars 1986; dagar 5. Lokala tider, UTC+1 vid båda ändpunkterna. G/B=Charles de Gaulle enligt s. 3 och sidrubrik. Publicerad tidtabell, inte belagt genomförande. Dubbelkoden betyder samarbete enligt s. 4. Grupperad efter första tryckta bolagskod och räknad en gång; faktisk utförande operatör är inte fastställd.
klm-305-RTM-CDG-0740-d5-b32	KLAF305	klm	RTM	CDG	07:40	08:40	12345--	5	83	air-france-19851027-no25	1985-10-27	1986-03-29	1986-02-28	1986-03-01	nonstop_arrow	Air France nr 25, tryckt s. 83. Visuellt granskad nonstoprad med pil i VIA-kolumnen. Tryckt kod KLAF305, dagmönster 12345-- (1=måndag, 7=söndag). Import endast 28 februari–1 mars 1986; dagar 5. Lokala tider, UTC+1 vid båda ändpunkterna. G/B=Charles de Gaulle enligt s. 3 och sidrubrik. Publicerad tidtabell, inte belagt genomförande. Dubbelkoden betyder samarbete enligt s. 4. Grupperad efter första tryckta bolagskod och räknad en gång; faktisk utförande operatör är inte fastställd.
