flight	origin	destination	departure	arrival	offset	days	page	code	flags
600	HAM	TXL	07:15	07:55	0	123456	45	ExSu	normal
602	HAM	TXL	08:00	08:40	0	123457	45	ExSa	normal
606	HAM	TXL	12:00	12:40	0	1234567	45	Daily	before_march_changes
604	HAM	TXL	13:20	14:00	0	1234567	45	Daily	until_2mar
608	HAM	TXL	14:05	14:45	0	4567	45	ThFrSaSu	normal
610	HAM	TXL	15:20	16:00	0	1234567	45	Daily	normal
612	HAM	TXL	17:30	18:10	0	123457	45	ExSa	normal
614	HAM	TXL	19:25	20:05	0	1234567	45	Daily	normal
616	HAM	TXL	21:00	21:40	0	123457	45	ExSa	normal
680	MUC-RIEM	TXL	08:35	09:50	0	1234567	67	Daily	normal
684	MUC-RIEM	TXL	11:10	12:25	0	1234567	67	Daily	normal
686	MUC-RIEM	TXL	13:35	14:50	0	1234567	67	Daily	normal
688	MUC-RIEM	TXL	15:40	16:55	0	1234567	67	Daily	normal
690	MUC-RIEM	TXL	17:25	18:40	0	123457	67	ExSa	normal
692	MUC-RIEM	TXL	21:15	22:30	0	1234567	67	Daily	normal
670	NUE	TXL	10:15	11:15	0	123456	74	ExSu	normal
102	NUE	TXL	14:00	15:00	0	1234567	74	Daily	normal
674	NUE	TXL	17:40	18:40	0	6	74	Sa	normal
676	NUE	TXL	20:05	21:05	0	123457	74	ExSa	normal
125	NUE	BRU	07:35	08:35	0	4567	74	ThFrSaSu	rename_6mar
660	STR	TXL	08:40	09:45	0	1234567	97	Daily	normal
92	STR	TXL	12:35	13:40	0	1234567	97	Daily	normal
664	STR	TXL	15:25	16:30	0	1234567	97	Daily	normal
668	STR	TXL	20:40	21:45	0	1234567	97	Daily	normal
93	STR	ZRH	09:50	10:40	0	1234567	98	Daily	normal
624	ZRH	TXL	18:00	19:20	0	1234567	109	Daily	normal
90	ZRH	GVA	11:10	11:55	0	1234567	109	Daily	no_local
91	ZRH	JFK	11:45	14:20	0	1234567	110	Daily	normal
92	ZRH	STR	11:20	12:00	0	1234567	110	Daily	normal
91	GVA	ZRH	09:45	10:30	0	1234567	43	Daily	no_local
111	FCO	JFK	11:15	14:30	0	1234567	87	Daily	normal
110	JFK	FCO	18:30	08:30	1	1234567	72	Daily	normal
83	NCE	JFK	11:45	14:25	0	2567	73	TuFrSaSu	nice_days
82	JFK	NCE	19:45	09:15	1	1456	72	MoThFrSa	nice_days
124	SFO	LHR	17:45	11:45	1	12356	94	ExThSu	normal
150	SFO	LAX	12:45	14:04	0	135	94	MoWeFr	normal
264	SFO	JFK	08:30	16:40	0	1234567	94	Daily	rename_1mar_before
84	SFO	JFK	08:30	16:40	0	1234567	94	Daily	rename_1mar_after
122	SFO	SEA	15:45	17:35	0	47	94	ThSu	normal
122	SEA	LHR	18:45	11:45	1	457	97	ThFrSu	normal
125	SEA	SFO	13:40	15:35	0	35	97	WeFr	normal
265	JFK	SFO	16:15	19:20	0	1234567	72	Daily	rename_1mar_before
85	JFK	SFO	16:15	19:20	0	1234567	72	Daily	rename_1mar_after
90	GVA	IST-ATATURK	12:40	16:35	0	1234567	42	Daily	timezone_conflict
91	IST-ATATURK	GVA	07:00	09:05	0	1234567	52	Daily	timezone_conflict
