schedule	printed_code	source_airline	origin	destination	departure_local	arrival_local	printed_days	days_in_import_window	printed_page	source	printed_valid_from	printed_valid_to	import_valid_from	import_valid_to	via_marker	review_status	note
tap-416-LIS-LYS-1315-d5-b31	TP416	tap	LIS	LYS	13:15	16:30	----5--	5	40	air-france-19851027-no25	1985-10-27	1986-03-29	1986-02-28	1986-03-01	nonstop_arrow	reviewed	Air France nr 25, tryckt s. 40. Visuellt granskad rad med nonstop-pil i VIA-kolumnen. Tryckt kod TP416, dagmönster ----5-- (1=måndag, 7=söndag). Import endast 28 februari–1 mars 1986; dagar 5. Lokala tider: Portugal UTC, Frankrike UTC+1. S=Orly Sud enligt s. 3 och sidrubrik. Publicerad tidtabell, inte belagt genomförande.
tap-419-LYS-LIS-1730-d5-b31	TP419	tap	LYS	LIS	17:30	18:50	----5--	5	44	air-france-19851027-no25	1985-10-27	1986-03-29	1986-02-28	1986-03-01	nonstop_arrow	reviewed	Air France nr 25, tryckt s. 44. Visuellt granskad rad med nonstop-pil i VIA-kolumnen. Tryckt kod TP419, dagmönster ----5-- (1=måndag, 7=söndag). Import endast 28 februari–1 mars 1986; dagar 5. Lokala tider: Portugal UTC, Frankrike UTC+1. S=Orly Sud enligt s. 3 och sidrubrik. Publicerad tidtabell, inte belagt genomförande.
air-france-500-LIS-ORY-1045-d5-b31	AF500	air-france	LIS	ORY	10:45	14:00	12345--	5	41	air-france-19851027-no25	1985-10-27	1986-03-29	1986-02-28	1986-03-01	nonstop_arrow	reviewed	Air France nr 25, tryckt s. 41. Visuellt granskad rad med nonstop-pil i VIA-kolumnen. Tryckt kod AF500, dagmönster 12345-- (1=måndag, 7=söndag). Import endast 28 februari–1 mars 1986; dagar 5. Lokala tider: Portugal UTC, Frankrike UTC+1. S=Orly Sud enligt s. 3 och sidrubrik. Publicerad tidtabell, inte belagt genomförande.
air-france-500-LIS-ORY-1045-d6-b31	AF500	air-france	LIS	ORY	10:45	14:10	-----6-	6	41	air-france-19851027-no25	1985-10-27	1986-03-29	1986-02-28	1986-03-01	nonstop_arrow	reviewed	Air France nr 25, tryckt s. 41. Visuellt granskad rad med nonstop-pil i VIA-kolumnen. Tryckt kod AF500, dagmönster -----6- (1=måndag, 7=söndag). Import endast 28 februari–1 mars 1986; dagar 6. Lokala tider: Portugal UTC, Frankrike UTC+1. S=Orly Sud enligt s. 3 och sidrubrik. Publicerad tidtabell, inte belagt genomförande.
tap-402-LIS-ORY-1345-d5-b31	TP402	tap	LIS	ORY	13:45	17:00	123-5--	5	41	air-france-19851027-no25	1985-10-27	1986-03-29	1986-02-28	1986-03-01	nonstop_arrow	reviewed	Air France nr 25, tryckt s. 41. Visuellt granskad rad med nonstop-pil i VIA-kolumnen. Tryckt kod TP402, dagmönster 123-5-- (1=måndag, 7=söndag). Import endast 28 februari–1 mars 1986; dagar 5. Lokala tider: Portugal UTC, Frankrike UTC+1. S=Orly Sud enligt s. 3 och sidrubrik. Publicerad tidtabell, inte belagt genomförande.
tap-402-LIS-ORY-1345-d6-b31	TP402	tap	LIS	ORY	13:45	17:00	---4-6-	6	41	air-france-19851027-no25	1985-10-27	1986-03-29	1986-02-28	1986-03-01	nonstop_arrow	reviewed	Air France nr 25, tryckt s. 41. Visuellt granskad rad med nonstop-pil i VIA-kolumnen. Tryckt kod TP402, dagmönster ---4-6- (1=måndag, 7=söndag). Import endast 28 februari–1 mars 1986; dagar 6. Lokala tider: Portugal UTC, Frankrike UTC+1. S=Orly Sud enligt s. 3 och sidrubrik. Publicerad tidtabell, inte belagt genomförande.
air-france-502-LIS-ORY-1810-d6-b31	AF502	air-france	LIS	ORY	18:10	21:25	-----6-	6	41	air-france-19851027-no25	1985-10-27	1986-03-29	1986-02-28	1986-03-01	nonstop_arrow	reviewed	Air France nr 25, tryckt s. 41. Visuellt granskad rad med nonstop-pil i VIA-kolumnen. Tryckt kod AF502, dagmönster -----6- (1=måndag, 7=söndag). Import endast 28 februari–1 mars 1986; dagar 6. Lokala tider: Portugal UTC, Frankrike UTC+1. S=Orly Sud enligt s. 3 och sidrubrik. Publicerad tidtabell, inte belagt genomförande.
air-france-501-ORY-LIS-0820-d5-b31	AF501	air-france	ORY	LIS	08:20	09:40	12345--	5	69	air-france-19851027-no25	1985-10-27	1986-03-29	1986-02-28	1986-03-01	nonstop_arrow	reviewed	Air France nr 25, tryckt s. 69. Visuellt granskad rad med nonstop-pil i VIA-kolumnen. Tryckt kod AF501, dagmönster 12345-- (1=måndag, 7=söndag). Import endast 28 februari–1 mars 1986; dagar 5. Lokala tider: Portugal UTC, Frankrike UTC+1. S=Orly Sud enligt s. 3 och sidrubrik. Publicerad tidtabell, inte belagt genomförande.
air-france-501-ORY-LIS-0820-d6-b31	AF501	air-france	ORY	LIS	08:20	09:50	-----6-	6	69	air-france-19851027-no25	1985-10-27	1986-03-29	1986-02-28	1986-03-01	nonstop_arrow	reviewed	Air France nr 25, tryckt s. 69. Visuellt granskad rad med nonstop-pil i VIA-kolumnen. Tryckt kod AF501, dagmönster -----6- (1=måndag, 7=söndag). Import endast 28 februari–1 mars 1986; dagar 6. Lokala tider: Portugal UTC, Frankrike UTC+1. S=Orly Sud enligt s. 3 och sidrubrik. Publicerad tidtabell, inte belagt genomförande.
air-france-503-ORY-LIS-1600-d6-b31	AF503	air-france	ORY	LIS	16:00	17:20	-----6-	6	69	air-france-19851027-no25	1985-10-27	1986-03-29	1986-02-28	1986-03-01	nonstop_arrow	reviewed	Air France nr 25, tryckt s. 69. Visuellt granskad rad med nonstop-pil i VIA-kolumnen. Tryckt kod AF503, dagmönster -----6- (1=måndag, 7=söndag). Import endast 28 februari–1 mars 1986; dagar 6. Lokala tider: Portugal UTC, Frankrike UTC+1. S=Orly Sud enligt s. 3 och sidrubrik. Publicerad tidtabell, inte belagt genomförande.
tap-405-ORY-LIS-1800-d5-b31	TP405	tap	ORY	LIS	18:00	19:15	123-5--	5	69	air-france-19851027-no25	1985-10-27	1986-03-29	1986-02-28	1986-03-01	nonstop_arrow	reviewed	Air France nr 25, tryckt s. 69. Visuellt granskad rad med nonstop-pil i VIA-kolumnen. Tryckt kod TP405, dagmönster 123-5-- (1=måndag, 7=söndag). Import endast 28 februari–1 mars 1986; dagar 5. Lokala tider: Portugal UTC, Frankrike UTC+1. S=Orly Sud enligt s. 3 och sidrubrik. Publicerad tidtabell, inte belagt genomförande.
tap-405-ORY-LIS-1800-d6-b31	TP405	tap	ORY	LIS	18:00	19:15	---4-6-	6	69	air-france-19851027-no25	1985-10-27	1986-03-29	1986-02-28	1986-03-01	nonstop_arrow	reviewed	Air France nr 25, tryckt s. 69. Visuellt granskad rad med nonstop-pil i VIA-kolumnen. Tryckt kod TP405, dagmönster ---4-6- (1=måndag, 7=söndag). Import endast 28 februari–1 mars 1986; dagar 6. Lokala tider: Portugal UTC, Frankrike UTC+1. S=Orly Sud enligt s. 3 och sidrubrik. Publicerad tidtabell, inte belagt genomförande.
air-france-505-ORY-OPO-0845-d6-b31	AF505	air-france	ORY	OPO	08:45	09:50	1-3--6-	6	74	air-france-19851027-no25	1985-10-27	1986-03-29	1986-02-28	1986-03-01	nonstop_arrow	reviewed	Air France nr 25, tryckt s. 74. Visuellt granskad rad med nonstop-pil i VIA-kolumnen. Tryckt kod AF505, dagmönster 1-3--6- (1=måndag, 7=söndag). Import endast 28 februari–1 mars 1986; dagar 6. Lokala tider: Portugal UTC, Frankrike UTC+1. S=Orly Sud enligt s. 3 och sidrubrik. Publicerad tidtabell, inte belagt genomförande.
tap-415-ORY-OPO-1430-d5-b31	TP415	tap	ORY	OPO	14:30	15:35	-2-45-7	5	74	air-france-19851027-no25	1985-10-27	1986-03-29	1986-02-28	1986-03-01	nonstop_arrow	reviewed	Air France nr 25, tryckt s. 74. Visuellt granskad rad med nonstop-pil i VIA-kolumnen. Tryckt kod TP415, dagmönster -2-45-7 (1=måndag, 7=söndag). Import endast 28 februari–1 mars 1986; dagar 5. Lokala tider: Portugal UTC, Frankrike UTC+1. S=Orly Sud enligt s. 3 och sidrubrik. Publicerad tidtabell, inte belagt genomförande.
air-france-504-OPO-ORY-1055-d6-b31	AF504	air-france	OPO	ORY	10:55	13:50	1-3--6-	6	81	air-france-19851027-no25	1985-10-27	1986-03-29	1986-02-28	1986-03-01	nonstop_arrow	reviewed	Air France nr 25, tryckt s. 81. Visuellt granskad rad med nonstop-pil i VIA-kolumnen. Tryckt kod AF504, dagmönster 1-3--6- (1=måndag, 7=söndag). Import endast 28 februari–1 mars 1986; dagar 6. Lokala tider: Portugal UTC, Frankrike UTC+1. S=Orly Sud enligt s. 3 och sidrubrik. Publicerad tidtabell, inte belagt genomförande.
tap-412-OPO-ORY-1030-d5-b31	TP412*	tap	OPO	ORY	10:30	13:30	-2-45-7	5	81	air-france-19851027-no25	1985-10-27	1986-03-29	1986-02-28	1986-03-01	nonstop_arrow	candidate	Air France nr 25, tryckt s. 81. Visuellt granskad rad med nonstop-pil i VIA-kolumnen. Tryckt kod TP412*, dagmönster -2-45-7 (1=måndag, 7=söndag). Import endast 28 februari–1 mars 1986; dagar 5. Lokala tider: Portugal UTC, Frankrike UTC+1. S=Orly Sud enligt s. 3 och sidrubrik. Publicerad tidtabell, inte belagt genomförande. EJ GODKÄND: stjärnliknande markering efter TP412. S. 4 beskriver * som byte av flygplats/terminal; tillämpningen på denna rad är inte fastställd. Orly är preliminärt enligt S-koden. Ingen animerad rörelse skapas innan symbolen har förklarats eller annan samtida tabell har verifierats.
