source_row	schedule	action	airline	flight	origin	destination	departure_local	arrival_local	arrival_day_offset	printed_days	printed_stops	printed_number_color	printed_page	source	import_valid_from	import_valid_to
1	southwest-535-LAX-ABQ-0800-b60	already_imported	southwest	535	LAX	ABQ	08:00	11:00	0	123456	N/S	red	30	southwest-19860112	1986-02-27	1986-03-01
2	southwest-537-LAX-ABQ-1330-b60	already_imported	southwest	537	LAX	ABQ	13:30	16:30	0	1234567	N/S	red	30	southwest-19860112	1986-02-27	1986-03-01
3	southwest-530-ABQ-LAX-0715-b60	already_imported	southwest	530	ABQ	LAX	07:15	08:15	0	12345	N/S	red	30	southwest-19860112	1986-02-27	1986-03-01
4	southwest-550-ABQ-LAX-1200-b60	already_imported	southwest	550	ABQ	LAX	12:00	13:00	0	1234567	N/S	red	30	southwest-19860112	1986-02-27	1986-03-01
5	southwest-572-LAX-ABQ-1815-b60	already_imported	southwest	572	LAX	ABQ	18:15	21:15	0	6	N/S	red	31	southwest-19860112	1986-02-27	1986-03-01
6	southwest-873-LAX-ABQ-1830-b60	already_imported	southwest	873	LAX	ABQ	18:30	21:30	0	123457	N/S	red	31	southwest-19860112	1986-02-27	1986-03-01
7	southwest-558-ABQ-LAX-1850-b60	already_imported	southwest	558	ABQ	LAX	18:50	19:50	0	1234567	N/S	red	31	southwest-19860112	1986-02-27	1986-03-01
8	southwest-564-ABQ-LAX-2215-b60	already_imported	southwest	564	ABQ	LAX	22:15	23:15	0	5	N/S	red	31	southwest-19860112	1986-02-27	1986-03-01
9	southwest-845-LAX-ELP-0830-b60	already_imported	southwest	845	LAX	ELP	08:30	11:15	0	123456	N/S	red	31	southwest-19860112	1986-02-27	1986-03-01
10	southwest-956-LAX-ELP-0915-b60	already_imported	southwest	956	LAX	ELP	09:15	12:00	0	7	N/S	red	31	southwest-19860112	1986-02-27	1986-03-01
11	southwest-861-LAX-ELP-1015-b60	already_imported	southwest	861	LAX	ELP	10:15	13:00	0	1234567	N/S	red	31	southwest-19860112	1986-02-27	1986-03-01
12	southwest-849-LAX-ELP-1300-b60	already_imported	southwest	849	LAX	ELP	13:00	15:45	0	123457	N/S	red	31	southwest-19860112	1986-02-27	1986-03-01
13	southwest-797-LAX-ELP-1830-b60	already_imported	southwest	797	LAX	ELP	18:30	21:15	0	1234567	N/S	red	31	southwest-19860112	1986-02-27	1986-03-01
14	southwest-732-ELP-LAX-0655-b60	already_imported	southwest	732	ELP	LAX	06:55	07:50	0	123457	N/S	red	31	southwest-19860112	1986-02-27	1986-03-01
15	southwest-736-ELP-LAX-1240-b60	already_imported	southwest	736	ELP	LAX	12:40	13:35	0	123457	N/S	red	31	southwest-19860112	1986-02-27	1986-03-01
16	southwest-954-ELP-LAX-1710-b60	already_imported	southwest	954	ELP	LAX	17:10	18:10	0	123457	N/S	red	31	southwest-19860112	1986-02-27	1986-03-01
17	southwest-864-ELP-LAX-2020-b60	already_imported	southwest	864	ELP	LAX	20:20	21:15	0	457	N/S	red	31	southwest-19860112	1986-02-27	1986-03-01
18	southwest-701-LAX-PHX-0600-b59	already_imported	southwest	701	LAX	PHX	06:00	08:10	0	1	N/S	red	32	southwest-19860112	1986-02-27	1986-03-01
19	southwest-703-LAX-PHX-0730-b59	corrected_previous	southwest	703	LAX	PHX	07:30	09:40	0	15	N/S	red	32	southwest-19860112	1986-02-27	1986-03-01
20	southwest-713-LAX-PHX-0855-b59	already_imported	southwest	713	LAX	PHX	08:55	11:05	0	1234567	N/S	red	32	southwest-19860112	1986-02-27	1986-03-01
21	southwest-867-LAX-PHX-1050-b59	already_imported	southwest	867	LAX	PHX	10:50	13:00	0	1234567	N/S	red	32	southwest-19860112	1986-02-27	1986-03-01
22	southwest-869-LAX-PHX-1345-b59	already_imported	southwest	869	LAX	PHX	13:45	15:55	0	123457	N/S	red	32	southwest-19860112	1986-02-27	1986-03-01
23	southwest-563-LAX-PHX-1515-b59	already_imported	southwest	563	LAX	PHX	15:15	17:25	0	1567	N/S	red	32	southwest-19860112	1986-02-27	1986-03-01
24	southwest-793-LAX-PHX-1615-b59	already_imported	southwest	793	LAX	PHX	16:15	18:25	0	123457	N/S	red	32	southwest-19860112	1986-02-27	1986-03-01
25	southwest-791-LAX-PHX-1815-b59	already_imported	southwest	791	LAX	PHX	18:15	20:25	0	123457	N/S	red	32	southwest-19860112	1986-02-27	1986-03-01
26	southwest-749-LAX-PHX-2000-b59	already_imported	southwest	749	LAX	PHX	20:00	22:10	0	123457	N/S	red	32	southwest-19860112	1986-02-27	1986-03-01
27	southwest-602-PHX-LAX-0830-b59	already_imported	southwest	602	PHX	LAX	08:30	08:45	0	123456	N/S	red	32	southwest-19860112	1986-02-27	1986-03-01
28	southwest-921-PHX-LAX-0945-b59	already_imported	southwest	921	PHX	LAX	09:45	10:00	0	123456	N/S	red	32	southwest-19860112	1986-02-27	1986-03-01
29	southwest-702-PHX-LAX-1020-b59	already_imported	southwest	702	PHX	LAX	10:20	10:35	0	1234567	N/S	red	32	southwest-19860112	1986-02-27	1986-03-01
30	southwest-708-PHX-LAX-1230-b59	already_imported	southwest	708	PHX	LAX	12:30	12:45	0	1234567	N/S	red	32	southwest-19860112	1986-02-27	1986-03-01
31	southwest-716-PHX-LAX-1445-b59	already_imported	southwest	716	PHX	LAX	14:45	15:00	0	1567	N/S	red	32	southwest-19860112	1986-02-27	1986-03-01
32	southwest-852-PHX-LAX-1545-b59	already_imported	southwest	852	PHX	LAX	15:45	16:00	0	1234567	N/S	red	32	southwest-19860112	1986-02-27	1986-03-01
33	southwest-556-PHX-LAX-1740-b59	already_imported	southwest	556	PHX	LAX	17:40	17:55	0	1234567	N/S	red	32	southwest-19860112	1986-02-27	1986-03-01
34	southwest-782-PHX-LAX-1800-b59	already_imported	southwest	782	PHX	LAX	18:00	18:15	0	123457	N/S	red	32	southwest-19860112	1986-02-27	1986-03-01
35	southwest-724-PHX-LAX-2135-b59	already_imported	southwest	724	PHX	LAX	21:35	21:50	0	7	N/S	red	32	southwest-19860112	1986-02-27	1986-03-01
36	southwest-931-ONT-PHX-0630-b59	already_imported	southwest	931	ONT	PHX	06:30	08:30	0	123456	N/S	red	43	southwest-19860112	1986-02-27	1986-03-01
37	southwest-933-ONT-PHX-1000-b59	already_imported	southwest	933	ONT	PHX	10:00	12:00	0	1234567	N/S	red	43	southwest-19860112	1986-02-27	1986-03-01
38	southwest-937-ONT-PHX-1500-b59	already_imported	southwest	937	ONT	PHX	15:00	17:00	0	1234567	N/S	red	43	southwest-19860112	1986-02-27	1986-03-01
39	southwest-939-ONT-PHX-1725-b59	already_imported	southwest	939	ONT	PHX	17:25	19:25	0	1234567	N/S	red	43	southwest-19860112	1986-02-27	1986-03-01
40	southwest-941-ONT-PHX-2015-b59	already_imported	southwest	941	ONT	PHX	20:15	22:15	0	123457	N/S	red	43	southwest-19860112	1986-02-27	1986-03-01
41	southwest-932-PHX-ONT-0945-b59	already_imported	southwest	932	PHX	ONT	09:45	09:45	0	1234567	N/S	red	43	southwest-19860112	1986-02-27	1986-03-01
42	southwest-936-PHX-ONT-1430-b59	already_imported	southwest	936	PHX	ONT	14:30	14:30	0	1234567	N/S	red	43	southwest-19860112	1986-02-27	1986-03-01
43	southwest-938-PHX-ONT-1715-b59	already_imported	southwest	938	PHX	ONT	17:15	17:15	0	1234567	N/S	red	43	southwest-19860112	1986-02-27	1986-03-01
44	southwest-940-PHX-ONT-2000-b59	already_imported	southwest	940	PHX	ONT	20:00	20:00	0	123457	N/S	red	43	southwest-19860112	1986-02-27	1986-03-01
45	southwest-942-PHX-ONT-2230-b59	already_imported	southwest	942	PHX	ONT	22:30	22:30	0	123457	N/S	red	43	southwest-19860112	1986-02-27	1986-03-01
46	southwest-742-SAN-ABQ-1245-b60	already_imported	southwest	742	SAN	ABQ	12:45	15:45	0	1234567	N/S	red	51	southwest-19860112	1986-02-27	1986-03-01
47	southwest-805-SAN-ABQ-1545-b60	already_imported	southwest	805	SAN	ABQ	15:45	18:45	0	1234567	N/S	red	51	southwest-19860112	1986-02-27	1986-03-01
48	southwest-580-ABQ-SAN-0700-b60	already_imported	southwest	580	ABQ	SAN	07:00	08:00	0	123456	N/S	red	51	southwest-19860112	1986-02-27	1986-03-01
49	southwest-741-ABQ-SAN-1135-b60	already_imported	southwest	741	ABQ	SAN	11:35	12:35	0	1234567	N/S	red	51	southwest-19860112	1986-02-27	1986-03-01
50	southwest-669-ABQ-SAN-1510-b60	already_imported	southwest	669	ABQ	SAN	15:10	16:10	0	1234567	N/S	red	51	southwest-19860112	1986-02-27	1986-03-01
51	southwest-955-SAN-ELP-0900-b60	already_imported	southwest	955	SAN	ELP	09:00	11:45	0	123456	N/S	red	52	southwest-19860112	1986-02-27	1986-03-01
52	southwest-952-ELP-SAN-0830-b60	already_imported	southwest	952	ELP	SAN	08:30	09:25	0	123456	N/S	red	52	southwest-19860112	1986-02-27	1986-03-01
53	southwest-803-SAN-LAS-0810-b59	already_imported	southwest	803	SAN	LAS	08:10	09:10	0	1234567	N/S	red	52	southwest-19860112	1986-02-27	1986-03-01
54	southwest-809-SAN-LAS-1350-b59	already_imported	southwest	809	SAN	LAS	13:50	14:50	0	1234567	N/S	red	52	southwest-19860112	1986-02-27	1986-03-01
55	southwest-670-SAN-LAS-1630-b59	already_imported	southwest	670	SAN	LAS	16:30	17:30	0	1234567	N/S	red	52	southwest-19860112	1986-02-27	1986-03-01
56	southwest-800-LAS-SAN-1245-b59	already_imported	southwest	800	LAS	SAN	12:45	13:40	0	1234567	N/S	red	52	southwest-19860112	1986-02-27	1986-03-01
57	southwest-802-LAS-SAN-1425-b59	already_imported	southwest	802	LAS	SAN	14:25	15:20	0	1234567	N/S	red	52	southwest-19860112	1986-02-27	1986-03-01
58	southwest-863-SAN-PHX-0830-b59	already_imported	southwest	863	SAN	PHX	08:30	10:30	0	123456	N/S	red	52	southwest-19860112	1986-02-27	1986-03-01
59	southwest-611-SAN-PHX-0945-b59	already_imported	southwest	611	SAN	PHX	09:45	11:45	0	1234567	N/S	red	52	southwest-19860112	1986-02-27	1986-03-01
60	southwest-559-SAN-PHX-1245-b59	already_imported	southwest	559	SAN	PHX	12:45	14:45	0	1234567	N/S	red	52	southwest-19860112	1986-02-27	1986-03-01
61	southwest-709-SAN-PHX-1545-b59	already_imported	southwest	709	SAN	PHX	15:45	17:45	0	1234567	N/S	red	52	southwest-19860112	1986-02-27	1986-03-01
62	southwest-719-SAN-PHX-1745-b59	already_imported	southwest	719	SAN	PHX	17:45	19:45	0	123457	N/S	red	52	southwest-19860112	1986-02-27	1986-03-01
63	southwest-717-SAN-PHX-1925-b59	corrected_previous	southwest	717	SAN	PHX	19:25	21:25	0	12345	N/S	red	52	southwest-19860112	1986-02-27	1986-03-01
64	southwest-723-SAN-PHX-2100-b59	already_imported	southwest	723	SAN	PHX	21:00	23:00	0	123457	N/S	red	52	southwest-19860112	1986-02-27	1986-03-01
65	southwest-600-PHX-SAN-0930-b59	already_imported	southwest	600	PHX	SAN	09:30	09:30	0	1234567	N/S	red	52	southwest-19860112	1986-02-27	1986-03-01
66	southwest-582-PHX-SAN-1200-b59	already_imported	southwest	582	PHX	SAN	12:00	12:00	0	1234567	N/S	red	52	southwest-19860112	1986-02-27	1986-03-01
67	southwest-654-PHX-SAN-1415-b59	already_imported	southwest	654	PHX	SAN	14:15	14:15	0	1234567	N/S	red	52	southwest-19860112	1986-02-27	1986-03-01
68	southwest-704-PHX-SAN-1610-b59	already_imported	southwest	704	PHX	SAN	16:10	16:10	0	123457	N/S	red	52	southwest-19860112	1986-02-27	1986-03-01
69	southwest-740-PHX-SAN-1735-b59	already_imported	southwest	740	PHX	SAN	17:35	17:35	0	123457	N/S	red	52	southwest-19860112	1986-02-27	1986-03-01
70	southwest-750-PHX-SAN-2055-b59	already_imported	southwest	750	PHX	SAN	20:55	20:55	0	1234567	N/S	red	52	southwest-19860112	1986-02-27	1986-03-01
71	southwest-712-PHX-SAN-2210-b59	already_imported	southwest	712	PHX	SAN	22:10	22:10	0	123457	N/S	red	52	southwest-19860112	1986-02-27	1986-03-01
72	southwest-952-SAN-SFO-0935-b61	new_schedule	southwest	952	SAN	SFO	09:35	11:00	0	123456	N/S	red	53	southwest-19860112	1986-02-27	1986-03-01
73	southwest-582-SAN-SFO-1215-b61	new_schedule	southwest	582	SAN	SFO	12:15	13:40	0	1234567	N/S	red	53	southwest-19860112	1986-02-27	1986-03-01
74	southwest-654-SAN-SFO-1435-b61	new_schedule	southwest	654	SAN	SFO	14:35	16:00	0	1234567	N/S	red	53	southwest-19860112	1986-02-27	1986-03-01
75	southwest-704-SAN-SFO-1620-b61	new_schedule	southwest	704	SAN	SFO	16:20	17:45	0	123457	N/S	red	53	southwest-19860112	1986-02-27	1986-03-01
76	southwest-740-SAN-SFO-1745-b61	new_schedule	southwest	740	SAN	SFO	17:45	19:10	0	123457	N/S	red	53	southwest-19860112	1986-02-27	1986-03-01
77	southwest-750-SAN-SFO-2115-b61	new_schedule	southwest	750	SAN	SFO	21:15	22:40	0	123457	N/S	red	53	southwest-19860112	1986-02-27	1986-03-01
78	southwest-955-SFO-SAN-0730-b61	new_schedule	southwest	955	SFO	SAN	07:30	08:45	0	123456	N/S	red	53	southwest-19860112	1986-02-27	1986-03-01
79	southwest-559-SFO-SAN-1120-b61	new_schedule	southwest	559	SFO	SAN	11:20	12:35	0	1234567	N/S	red	53	southwest-19860112	1986-02-27	1986-03-01
80	southwest-709-SFO-SAN-1415-b61	new_schedule	southwest	709	SFO	SAN	14:15	15:30	0	1234567	N/S	red	53	southwest-19860112	1986-02-27	1986-03-01
81	southwest-719-SFO-SAN-1615-b61	new_schedule	southwest	719	SFO	SAN	16:15	17:30	0	123457	N/S	red	53	southwest-19860112	1986-02-27	1986-03-01
82	southwest-717-SFO-SAN-1800-b61	new_schedule	southwest	717	SFO	SAN	18:00	19:15	0	123457	N/S	red	53	southwest-19860112	1986-02-27	1986-03-01
83	southwest-723-SFO-SAN-1930-b61	new_schedule	southwest	723	SFO	SAN	19:30	20:45	0	123457	N/S	red	53	southwest-19860112	1986-02-27	1986-03-01
84	southwest-962-SFO-ABQ-0930-b60	already_imported	southwest	962	SFO	ABQ	09:30	12:50	0	1234567	N/S	red	53	southwest-19860112	1986-02-27	1986-03-01
85	southwest-964-SFO-ABQ-1830-b60	already_imported	southwest	964	SFO	ABQ	18:30	21:50	0	123457	N/S	red	53	southwest-19860112	1986-02-27	1986-03-01
86	southwest-961-ABQ-SFO-0730-b60	already_imported	southwest	961	ABQ	SFO	07:30	09:15	0	123456	N/S	red	53	southwest-19860112	1986-02-27	1986-03-01
87	southwest-963-ABQ-SFO-1635-b60	already_imported	southwest	963	ABQ	SFO	16:35	18:15	0	1234567	N/S	red	53	southwest-19860112	1986-02-27	1986-03-01
88	southwest-955-SFO-SAN-0730-b61	repeated_in_batch	southwest	955	SFO	SAN	07:30	08:45	0	123456	N/S	red	54	southwest-19860112	1986-02-27	1986-03-01
89	southwest-559-SFO-SAN-1120-b61	repeated_in_batch	southwest	559	SFO	SAN	11:20	12:35	0	1234567	N/S	red	54	southwest-19860112	1986-02-27	1986-03-01
90	southwest-709-SFO-SAN-1415-b61	repeated_in_batch	southwest	709	SFO	SAN	14:15	15:30	0	1234567	N/S	red	54	southwest-19860112	1986-02-27	1986-03-01
91	southwest-719-SFO-SAN-1615-b61	repeated_in_batch	southwest	719	SFO	SAN	16:15	17:30	0	123457	N/S	red	54	southwest-19860112	1986-02-27	1986-03-01
92	southwest-717-SFO-SAN-1800-b61	repeated_in_batch	southwest	717	SFO	SAN	18:00	19:15	0	123457	N/S	red	54	southwest-19860112	1986-02-27	1986-03-01
93	southwest-723-SFO-SAN-1930-b61	repeated_in_batch	southwest	723	SFO	SAN	19:30	20:45	0	123457	N/S	red	54	southwest-19860112	1986-02-27	1986-03-01
94	southwest-952-SAN-SFO-0935-b61	repeated_in_batch	southwest	952	SAN	SFO	09:35	11:00	0	123456	N/S	red	54	southwest-19860112	1986-02-27	1986-03-01
95	southwest-582-SAN-SFO-1215-b61	repeated_in_batch	southwest	582	SAN	SFO	12:15	13:40	0	1234567	N/S	red	54	southwest-19860112	1986-02-27	1986-03-01
96	southwest-654-SAN-SFO-1435-b61	repeated_in_batch	southwest	654	SAN	SFO	14:35	16:00	0	1234567	N/S	red	54	southwest-19860112	1986-02-27	1986-03-01
97	southwest-704-SAN-SFO-1620-b61	repeated_in_batch	southwest	704	SAN	SFO	16:20	17:45	0	123457	N/S	red	54	southwest-19860112	1986-02-27	1986-03-01
98	southwest-740-SAN-SFO-1745-b61	repeated_in_batch	southwest	740	SAN	SFO	17:45	19:10	0	123457	N/S	red	54	southwest-19860112	1986-02-27	1986-03-01
99	southwest-750-SAN-SFO-2115-b61	repeated_in_batch	southwest	750	SAN	SFO	21:15	22:40	0	123457	N/S	red	54	southwest-19860112	1986-02-27	1986-03-01
100	southwest-665-MDW-MCI-0700-b61	new_schedule	southwest	665	MDW	MCI	07:00	08:20	0	123456	N/S	red	10	southwest-19860112	1986-02-27	1986-03-01
101	southwest-669-MDW-MCI-1240-b61	new_schedule	southwest	669	MDW	MCI	12:40	14:00	0	1234567	N/S	red	10	southwest-19860112	1986-02-27	1986-03-01
102	southwest-668-MCI-MDW-1100-b61	new_schedule	southwest	668	MCI	MDW	11:00	12:20	0	1234567	N/S	red	10	southwest-19860112	1986-02-27	1986-03-01
103	southwest-658-MCI-MDW-1130-b61	new_schedule	southwest	658	MCI	MDW	11:30	12:50	0	7	N/S	red	10	southwest-19860112	1986-02-27	1986-03-01
104	southwest-805-MCI-MDW-2215-b61	new_schedule	southwest	805	MCI	MDW	22:15	23:35	0	123457	N/S	red	10	southwest-19860112	1986-02-27	1986-03-01
105	southwest-341-MDW-STL-0650-b61	new_schedule	southwest	341	MDW	STL	06:50	07:50	0	123456	N/S	red	11	southwest-19860112	1986-02-27	1986-03-01
106	southwest-343-MDW-STL-0900-b61	new_schedule	southwest	343	MDW	STL	09:00	10:00	0	1234567	N/S	red	11	southwest-19860112	1986-02-27	1986-03-01
107	southwest-345-MDW-STL-1130-b61	new_schedule	southwest	345	MDW	STL	11:30	12:30	0	1234567	N/S	red	11	southwest-19860112	1986-02-27	1986-03-01
108	southwest-746-MDW-STL-1300-b61	new_schedule	southwest	746	MDW	STL	13:00	14:00	0	1234567	N/S	red	11	southwest-19860112	1986-02-27	1986-03-01
109	southwest-347-MDW-STL-1400-b61	new_schedule	southwest	347	MDW	STL	14:00	15:00	0	1234567	N/S	red	11	southwest-19860112	1986-02-27	1986-03-01
110	southwest-349-MDW-STL-1510-b61	new_schedule	southwest	349	MDW	STL	15:10	16:10	0	123457	N/S	red	11	southwest-19860112	1986-02-27	1986-03-01
111	southwest-351-MDW-STL-1715-b61	new_schedule	southwest	351	MDW	STL	17:15	18:15	0	123457	N/S	red	11	southwest-19860112	1986-02-27	1986-03-01
112	southwest-756-MDW-STL-1930-b61	new_schedule	southwest	756	MDW	STL	19:30	20:30	0	123457	N/S	red	11	southwest-19860112	1986-02-27	1986-03-01
113	southwest-355-MDW-STL-2125-b61	new_schedule	southwest	355	MDW	STL	21:25	22:25	0	123457	N/S	red	11	southwest-19860112	1986-02-27	1986-03-01
114	southwest-342-STL-MDW-0745-b61	new_schedule	southwest	342	STL	MDW	07:45	08:45	0	123456	N/S	red	11	southwest-19860112	1986-02-27	1986-03-01
115	southwest-761-STL-MDW-1015-b61	new_schedule	southwest	761	STL	MDW	10:15	11:15	0	123456	N/S	red	11	southwest-19860112	1986-02-27	1986-03-01
116	southwest-733-STL-MDW-1145-b61	new_schedule	southwest	733	STL	MDW	11:45	12:45	0	123456	N/S	red	11	southwest-19860112	1986-02-27	1986-03-01
117	southwest-470-STL-MDW-1245-b61	new_schedule	southwest	470	STL	MDW	12:45	13:45	0	1234567	N/S	red	11	southwest-19860112	1986-02-27	1986-03-01
118	southwest-348-STL-MDW-1355-b61	new_schedule	southwest	348	STL	MDW	13:55	14:55	0	1234567	N/S	red	11	southwest-19860112	1986-02-27	1986-03-01
119	southwest-350-STL-MDW-1600-b61	new_schedule	southwest	350	STL	MDW	16:00	17:00	0	1234567	N/S	red	11	southwest-19860112	1986-02-27	1986-03-01
120	southwest-352-STL-MDW-1745-b61	new_schedule	southwest	352	STL	MDW	17:45	18:45	0	1234567	N/S	red	11	southwest-19860112	1986-02-27	1986-03-01
121	southwest-747-STL-MDW-2015-b61	new_schedule	southwest	747	STL	MDW	20:15	21:15	0	123457	N/S	red	11	southwest-19860112	1986-02-27	1986-03-01
122	southwest-476-STL-MDW-2145-b61	new_schedule	southwest	476	STL	MDW	21:45	22:45	0	123457	N/S	red	11	southwest-19860112	1986-02-27	1986-03-01
123	southwest-665-MCI-ABQ-0830-b60	already_imported	southwest	665	MCI	ABQ	08:30	09:30	0	123456	N/S	red	25	southwest-19860112	1986-02-27	1986-03-01
124	southwest-669-MCI-ABQ-1410-b60	already_imported	southwest	669	MCI	ABQ	14:10	15:00	0	1234567	N/S	red	25	southwest-19860112	1986-02-27	1986-03-01
125	southwest-668-ABQ-MCI-0745-b60	already_imported	southwest	668	ABQ	MCI	07:45	10:45	0	1234567	N/S	red	25	southwest-19860112	1986-02-27	1986-03-01
126	southwest-805-ABQ-MCI-1900-b60	already_imported	southwest	805	ABQ	MCI	19:00	22:00	0	1234567	N/S	red	25	southwest-19860112	1986-02-27	1986-03-01
127	southwest-668-MCI-MDW-1100-b61	repeated_in_batch	southwest	668	MCI	MDW	11:00	12:20	0	1234567	N/S	red	25	southwest-19860112	1986-02-27	1986-03-01
128	southwest-658-MCI-MDW-1130-b61	repeated_in_batch	southwest	658	MCI	MDW	11:30	12:50	0	7	N/S	red	25	southwest-19860112	1986-02-27	1986-03-01
129	southwest-805-MCI-MDW-2215-b61	repeated_in_batch	southwest	805	MCI	MDW	22:15	23:35	0	123457	N/S	red	25	southwest-19860112	1986-02-27	1986-03-01
130	southwest-665-MDW-MCI-0700-b61	repeated_in_batch	southwest	665	MDW	MCI	07:00	08:20	0	123456	N/S	red	25	southwest-19860112	1986-02-27	1986-03-01
131	southwest-669-MDW-MCI-1240-b61	repeated_in_batch	southwest	669	MDW	MCI	12:40	14:00	0	1234567	N/S	red	25	southwest-19860112	1986-02-27	1986-03-01
132	southwest-403-MCI-OKC-0655-b61	new_schedule	southwest	403	MCI	OKC	06:55	08:00	0	123456	N/S	red	26	southwest-19860112	1986-02-27	1986-03-01
133	southwest-417-MCI-OKC-1140-b61	new_schedule	southwest	417	MCI	OKC	11:40	12:45	0	1234567	N/S	red	26	southwest-19860112	1986-02-27	1986-03-01
134	southwest-421-MCI-OKC-1730-b61	new_schedule	southwest	421	MCI	OKC	17:30	18:35	0	1234567	N/S	red	26	southwest-19860112	1986-02-27	1986-03-01
135	southwest-402-OKC-MCI-0800-b61	new_schedule	southwest	402	OKC	MCI	08:00	09:00	0	123456	N/S	red	26	southwest-19860112	1986-02-27	1986-03-01
136	southwest-414-OKC-MCI-1340-b61	new_schedule	southwest	414	OKC	MCI	13:40	14:40	0	1234567	N/S	red	26	southwest-19860112	1986-02-27	1986-03-01
137	southwest-420-OKC-MCI-2035-b61	new_schedule	southwest	420	OKC	MCI	20:35	21:35	0	1234567	N/S	red	26	southwest-19860112	1986-02-27	1986-03-01
138	southwest-409-MCI-TUL-0910-b61	new_schedule	southwest	409	MCI	TUL	09:10	10:00	0	1234567	N/S	red	27	southwest-19860112	1986-02-27	1986-03-01
139	southwest-419-MCI-TUL-1500-b61	new_schedule	southwest	419	MCI	TUL	15:00	15:50	0	1234567	N/S	red	27	southwest-19860112	1986-02-27	1986-03-01
140	southwest-431-MCI-TUL-2130-b61	new_schedule	southwest	431	MCI	TUL	21:30	22:20	0	123457	N/S	red	27	southwest-19860112	1986-02-27	1986-03-01
141	southwest-410-TUL-MCI-1040-b61	new_schedule	southwest	410	TUL	MCI	10:40	11:30	0	1234567	N/S	red	27	southwest-19860112	1986-02-27	1986-03-01
142	southwest-418-TUL-MCI-1630-b61	new_schedule	southwest	418	TUL	MCI	16:30	17:20	0	1234567	N/S	red	27	southwest-19860112	1986-02-27	1986-03-01
143	southwest-424-TUL-MCI-2030-b61	new_schedule	southwest	424	TUL	MCI	20:30	21:20	0	123457	N/S	red	27	southwest-19860112	1986-02-27	1986-03-01
144	southwest-342-STL-MDW-0745-b61	repeated_in_batch	southwest	342	STL	MDW	07:45	08:45	0	123456	N/S	red	55	southwest-19860112	1986-02-27	1986-03-01
145	southwest-761-STL-MDW-1015-b61	repeated_in_batch	southwest	761	STL	MDW	10:15	11:15	0	123456	N/S	red	55	southwest-19860112	1986-02-27	1986-03-01
146	southwest-733-STL-MDW-1145-b61	repeated_in_batch	southwest	733	STL	MDW	11:45	12:45	0	123456	N/S	red	55	southwest-19860112	1986-02-27	1986-03-01
147	southwest-470-STL-MDW-1245-b61	repeated_in_batch	southwest	470	STL	MDW	12:45	13:45	0	1234567	N/S	red	55	southwest-19860112	1986-02-27	1986-03-01
148	southwest-348-STL-MDW-1355-b61	repeated_in_batch	southwest	348	STL	MDW	13:55	14:55	0	1234567	N/S	red	55	southwest-19860112	1986-02-27	1986-03-01
149	southwest-350-STL-MDW-1600-b61	repeated_in_batch	southwest	350	STL	MDW	16:00	17:00	0	1234567	N/S	red	55	southwest-19860112	1986-02-27	1986-03-01
150	southwest-352-STL-MDW-1745-b61	repeated_in_batch	southwest	352	STL	MDW	17:45	18:45	0	1234567	N/S	red	55	southwest-19860112	1986-02-27	1986-03-01
151	southwest-747-STL-MDW-2015-b61	repeated_in_batch	southwest	747	STL	MDW	20:15	21:15	0	123457	N/S	red	55	southwest-19860112	1986-02-27	1986-03-01
152	southwest-476-STL-MDW-2145-b61	repeated_in_batch	southwest	476	STL	MDW	21:45	22:45	0	123457	N/S	red	55	southwest-19860112	1986-02-27	1986-03-01
153	southwest-341-MDW-STL-0650-b61	repeated_in_batch	southwest	341	MDW	STL	06:50	07:50	0	123456	N/S	red	55	southwest-19860112	1986-02-27	1986-03-01
154	southwest-343-MDW-STL-0900-b61	repeated_in_batch	southwest	343	MDW	STL	09:00	10:00	0	1234567	N/S	red	55	southwest-19860112	1986-02-27	1986-03-01
155	southwest-345-MDW-STL-1130-b61	repeated_in_batch	southwest	345	MDW	STL	11:30	12:30	0	1234567	N/S	red	55	southwest-19860112	1986-02-27	1986-03-01
156	southwest-746-MDW-STL-1300-b61	repeated_in_batch	southwest	746	MDW	STL	13:00	14:00	0	1234567	N/S	red	55	southwest-19860112	1986-02-27	1986-03-01
157	southwest-347-MDW-STL-1400-b61	repeated_in_batch	southwest	347	MDW	STL	14:00	15:00	0	1234567	N/S	red	55	southwest-19860112	1986-02-27	1986-03-01
158	southwest-349-MDW-STL-1510-b61	repeated_in_batch	southwest	349	MDW	STL	15:10	16:10	0	123457	N/S	red	55	southwest-19860112	1986-02-27	1986-03-01
159	southwest-351-MDW-STL-1715-b61	repeated_in_batch	southwest	351	MDW	STL	17:15	18:15	0	123457	N/S	red	55	southwest-19860112	1986-02-27	1986-03-01
160	southwest-756-MDW-STL-1930-b61	repeated_in_batch	southwest	756	MDW	STL	19:30	20:30	0	123457	N/S	red	55	southwest-19860112	1986-02-27	1986-03-01
161	southwest-355-MDW-STL-2125-b61	repeated_in_batch	southwest	355	MDW	STL	21:25	22:25	0	123457	N/S	red	55	southwest-19860112	1986-02-27	1986-03-01
162	southwest-343-STL-HOU-1015-b58	already_imported	southwest	343	STL	HOU	10:15	12:25	0	1234567	N/S	red	55	southwest-19860112	1986-02-27	1986-03-01
163	southwest-746-STL-HOU-1415-b58	already_imported	southwest	746	STL	HOU	14:15	16:25	0	1234567	N/S	red	55	southwest-19860112	1986-02-27	1986-03-01
164	southwest-351-STL-HOU-1830-b58	already_imported	southwest	351	STL	HOU	18:30	20:40	0	123457	N/S	red	55	southwest-19860112	1986-02-27	1986-03-01
165	southwest-756-STL-HOU-2045-b58	already_imported	southwest	756	STL	HOU	20:45	22:55	0	123457	N/S	red	55	southwest-19860112	1986-02-27	1986-03-01
166	southwest-733-HOU-STL-0940-b58	already_imported	southwest	733	HOU	STL	09:40	11:30	0	123456	N/S	red	55	southwest-19860112	1986-02-27	1986-03-01
167	southwest-348-HOU-STL-1150-b58	already_imported	southwest	348	HOU	STL	11:50	13:40	0	1234567	N/S	red	55	southwest-19860112	1986-02-27	1986-03-01
168	southwest-747-HOU-STL-1810-b58	already_imported	southwest	747	HOU	STL	18:10	20:00	0	123457	N/S	red	55	southwest-19860112	1986-02-27	1986-03-01
169	southwest-358-HOU-STL-2010-b58	already_imported	southwest	358	HOU	STL	20:10	22:00	0	123457	N/S	red	55	southwest-19860112	1986-02-27	1986-03-01
170	southwest-339-STL-LIT-0715-b61	new_schedule	southwest	339	STL	LIT	07:15	08:20	0	123456	N/S	red	55	southwest-19860112	1986-02-27	1986-03-01
171	southwest-341-STL-LIT-0820-b61	new_schedule	southwest	341	STL	LIT	08:20	09:25	0	123456	N/S	red	55	southwest-19860112	1986-02-27	1986-03-01
172	southwest-349-STL-LIT-1625-b61	new_schedule	southwest	349	STL	LIT	16:25	17:30	0	123457	N/S	red	55	southwest-19860112	1986-02-27	1986-03-01
173	southwest-761-LIT-STL-0855-b61	new_schedule	southwest	761	LIT	STL	08:55	10:00	0	123456	N/S	red	55	southwest-19860112	1986-02-27	1986-03-01
174	southwest-352-LIT-STL-1625-b61	new_schedule	southwest	352	LIT	STL	16:25	17:30	0	1234567	N/S	red	55	southwest-19860112	1986-02-27	1986-03-01
175	southwest-476-LIT-STL-2030-b61	new_schedule	southwest	476	LIT	STL	20:30	21:35	0	123457	N/S	red	55	southwest-19860112	1986-02-27	1986-03-01
176	southwest-345-STL-MSY-1245-b61	new_schedule	southwest	345	STL	MSY	12:45	14:40	0	1234567	N/S	red	55	southwest-19860112	1986-02-27	1986-03-01
177	southwest-470-MSY-STL-1045-b61	new_schedule	southwest	470	MSY	STL	10:45	12:25	0	123456	N/S	red	55	southwest-19860112	1986-02-27	1986-03-01
178	southwest-11-TUL-DAL-0640-b57	already_imported	southwest	11	TUL	DAL	06:40	07:35	0	12345	N/S	red	56	southwest-19860112	1986-02-27	1986-03-01
179	southwest-27-TUL-DAL-0845-b57	already_imported	southwest	27	TUL	DAL	08:45	09:40	0	123456	N/S	red	56	southwest-19860112	1986-02-27	1986-03-01
180	southwest-29-TUL-DAL-0950-b57	already_imported	southwest	29	TUL	DAL	09:50	10:45	0	12346	N/S	red	56	southwest-19860112	1986-02-27	1986-03-01
181	southwest-43-TUL-DAL-1050-b57	already_imported	southwest	43	TUL	DAL	10:50	11:45	0	123457	N/S	red	56	southwest-19860112	1986-02-27	1986-03-01
182	southwest-61-TUL-DAL-1250-b57	already_imported	southwest	61	TUL	DAL	12:50	13:45	0	1234567	N/S	red	56	southwest-19860112	1986-02-27	1986-03-01
183	southwest-629-TUL-DAL-1500-b57	already_imported	southwest	629	TUL	DAL	15:00	15:55	0	1234567	N/S	red	56	southwest-19860112	1986-02-27	1986-03-01
184	southwest-79-TUL-DAL-1650-b57	already_imported	southwest	79	TUL	DAL	16:50	17:45	0	123457	N/S	red	56	southwest-19860112	1986-02-27	1986-03-01
185	southwest-109-TUL-DAL-1900-b57	already_imported	southwest	109	TUL	DAL	19:00	19:50	0	123457	N/S	red	56	southwest-19860112	1986-02-27	1986-03-01
186	southwest-631-TUL-DAL-2030-b57	already_imported	southwest	631	TUL	DAL	20:30	21:20	0	123457	N/S	red	56	southwest-19860112	1986-02-27	1986-03-01
187	southwest-627-TUL-DAL-2145-b57	already_imported	southwest	627	TUL	DAL	21:45	22:40	0	5	N/S	red	56	southwest-19860112	1986-02-27	1986-03-01
188	southwest-311-TUL-DAL-2300-b57	already_imported	southwest	311	TUL	DAL	23:00	23:50	0	5	N/S	red	56	southwest-19860112	1986-02-27	1986-03-01
189	southwest-148-DAL-TUL-0745-b57	already_imported	southwest	148	DAL	TUL	07:45	08:35	0	12345	N/S	red	56	southwest-19860112	1986-02-27	1986-03-01
190	southwest-10-DAL-TUL-0850-b57	already_imported	southwest	10	DAL	TUL	08:50	09:40	0	12346	N/S	red	56	southwest-19860112	1986-02-27	1986-03-01
191	southwest-290-DAL-TUL-0945-b57	already_imported	southwest	290	DAL	TUL	09:45	10:35	0	123457	N/S	red	56	southwest-19860112	1986-02-27	1986-03-01
192	southwest-36-DAL-TUL-1150-b57	already_imported	southwest	36	DAL	TUL	11:50	12:40	0	123456	N/S	red	56	southwest-19860112	1986-02-27	1986-03-01
193	southwest-52-DAL-TUL-1400-b57	already_imported	southwest	52	DAL	TUL	14:00	14:50	0	1234567	N/S	red	56	southwest-19860112	1986-02-27	1986-03-01
194	southwest-180-DAL-TUL-1550-b57	already_imported	southwest	180	DAL	TUL	15:50	16:40	0	123457	N/S	red	56	southwest-19860112	1986-02-27	1986-03-01
195	southwest-84-DAL-TUL-1745-b57	already_imported	southwest	84	DAL	TUL	17:45	18:35	0	1234567	N/S	red	56	southwest-19860112	1986-02-27	1986-03-01
196	southwest-262-DAL-TUL-1930-b57	already_imported	southwest	262	DAL	TUL	19:30	20:20	0	123457	N/S	red	56	southwest-19860112	1986-02-27	1986-03-01
197	southwest-296-DAL-TUL-2200-b57	already_imported	southwest	296	DAL	TUL	22:00	22:50	0	123457	N/S	red	56	southwest-19860112	1986-02-27	1986-03-01
198	southwest-401-TUL-HOU-0640-b58	already_imported	southwest	401	TUL	HOU	06:40	08:05	0	12345	N/S	red	57	southwest-19860112	1986-02-27	1986-03-01
199	southwest-409-TUL-HOU-1010-b58	already_imported	southwest	409	TUL	HOU	10:10	11:35	0	1234567	N/S	red	57	southwest-19860112	1986-02-27	1986-03-01
200	southwest-419-TUL-HOU-1600-b58	already_imported	southwest	419	TUL	HOU	16:00	17:25	0	1234567	N/S	red	57	southwest-19860112	1986-02-27	1986-03-01
201	southwest-431-TUL-HOU-2230-b58	already_imported	southwest	431	TUL	HOU	22:30	23:55	0	123457	N/S	red	57	southwest-19860112	1986-02-27	1986-03-01
202	southwest-410-HOU-TUL-0910-b58	already_imported	southwest	410	HOU	TUL	09:10	10:30	0	1234567	N/S	red	57	southwest-19860112	1986-02-27	1986-03-01
203	southwest-418-HOU-TUL-1500-b58	already_imported	southwest	418	HOU	TUL	15:00	16:20	0	1234567	N/S	red	57	southwest-19860112	1986-02-27	1986-03-01
204	southwest-422-HOU-TUL-1900-b58	already_imported	southwest	422	HOU	TUL	19:00	20:20	0	123457	N/S	red	57	southwest-19860112	1986-02-27	1986-03-01
205	southwest-755-HOU-TUL-2235-b58	already_imported	southwest	755	HOU	TUL	22:35	23:55	0	57	N/S	red	57	southwest-19860112	1986-02-27	1986-03-01
206	southwest-20-IAH-TUL-0850-b61	new_schedule	southwest	20	IAH	TUL	08:50	10:00	0	12345	N/S	red	57	southwest-19860112	1986-02-27	1986-03-01
207	southwest-410-TUL-MCI-1040-b61	repeated_in_batch	southwest	410	TUL	MCI	10:40	11:30	0	1234567	N/S	red	57	southwest-19860112	1986-02-27	1986-03-01
208	southwest-418-TUL-MCI-1630-b61	repeated_in_batch	southwest	418	TUL	MCI	16:30	17:20	0	1234567	N/S	red	57	southwest-19860112	1986-02-27	1986-03-01
209	southwest-424-TUL-MCI-2030-b61	repeated_in_batch	southwest	424	TUL	MCI	20:30	21:20	0	123457	N/S	red	57	southwest-19860112	1986-02-27	1986-03-01
210	southwest-409-MCI-TUL-0910-b61	repeated_in_batch	southwest	409	MCI	TUL	09:10	10:00	0	1234567	N/S	red	57	southwest-19860112	1986-02-27	1986-03-01
211	southwest-419-MCI-TUL-1500-b61	repeated_in_batch	southwest	419	MCI	TUL	15:00	15:50	0	1234567	N/S	red	57	southwest-19860112	1986-02-27	1986-03-01
212	southwest-431-MCI-TUL-2130-b61	repeated_in_batch	southwest	431	MCI	TUL	21:30	22:20	0	123457	N/S	red	57	southwest-19860112	1986-02-27	1986-03-01
213	southwest-966-TUL-MAF-1020-b61	new_schedule	southwest	966	TUL	MAF	10:20	11:40	0	12345	N/S	red	57	southwest-19860112	1986-02-27	1986-03-01
214	southwest-967-MAF-TUL-1940-b61	new_schedule	southwest	967	MAF	TUL	19:40	21:00	0	12345	N/S	red	57	southwest-19860112	1986-02-27	1986-03-01
215	southwest-921-TUL-OKC-0730-b61	new_schedule	southwest	921	TUL	OKC	07:30	08:05	0	123456	N/S	red	58	southwest-19860112	1986-02-27	1986-03-01
216	southwest-922-OKC-TUL-1045-b61	new_schedule	southwest	922	OKC	TUL	10:45	11:20	0	1234567	N/S	red	58	southwest-19860112	1986-02-27	1986-03-01
217	southwest-924-OKC-TUL-1620-b61	new_schedule	southwest	924	OKC	TUL	16:20	16:55	0	1234567	N/S	red	58	southwest-19860112	1986-02-27	1986-03-01
218	southwest-793-OKC-TUL-2200-b61	new_schedule	southwest	793	OKC	TUL	22:00	22:35	0	123457	N/S	red	58	southwest-19860112	1986-02-27	1986-03-01
219	southwest-923-TUL-PHX-1130-b59	already_imported	southwest	923	TUL	PHX	11:30	12:55	0	1234567	N/S	red	58	southwest-19860112	1986-02-27	1986-03-01
220	southwest-925-TUL-PHX-1710-b59	already_imported	southwest	925	TUL	PHX	17:10	18:30	0	1234567	N/S	red	58	southwest-19860112	1986-02-27	1986-03-01
221	southwest-721-LIT-DAL-0805-b57	already_imported	southwest	721	LIT	DAL	08:05	09:05	0	12345	N/S	red	29	southwest-19860112	1986-02-27	1986-03-01
222	southwest-41-LIT-DAL-1015-b57	already_imported	southwest	41	LIT	DAL	10:15	11:15	0	1234567	N/S	red	29	southwest-19860112	1986-02-27	1986-03-01
223	southwest-73-LIT-DAL-1450-b57	already_imported	southwest	73	LIT	DAL	14:50	15:50	0	1234567	N/S	red	29	southwest-19860112	1986-02-27	1986-03-01
224	southwest-85-LIT-DAL-1600-b57	already_imported	southwest	85	LIT	DAL	16:00	17:00	0	1234567	N/S	red	29	southwest-19860112	1986-02-27	1986-03-01
225	southwest-461-LIT-DAL-1810-b57	already_imported	southwest	461	LIT	DAL	18:10	19:10	0	1234567	N/S	red	29	southwest-19860112	1986-02-27	1986-03-01
226	southwest-133-LIT-DAL-2120-b57	already_imported	southwest	133	LIT	DAL	21:20	22:20	0	123457	N/S	red	29	southwest-19860112	1986-02-27	1986-03-01
227	southwest-706-DAL-LIT-0700-b57	already_imported	southwest	706	DAL	LIT	07:00	07:55	0	12345	N/S	red	29	southwest-19860112	1986-02-27	1986-03-01
228	southwest-497-DAL-LIT-0910-b57	already_imported	southwest	497	DAL	LIT	09:10	10:05	0	1234567	N/S	red	29	southwest-19860112	1986-02-27	1986-03-01
229	southwest-42-DAL-LIT-1310-b57	already_imported	southwest	42	DAL	LIT	13:10	14:05	0	1234567	N/S	red	29	southwest-19860112	1986-02-27	1986-03-01
230	southwest-62-DAL-LIT-1445-b57	already_imported	southwest	62	DAL	LIT	14:45	15:40	0	1234567	N/S	red	29	southwest-19860112	1986-02-27	1986-03-01
231	southwest-78-DAL-LIT-1705-b57	already_imported	southwest	78	DAL	LIT	17:05	18:00	0	1234567	N/S	red	29	southwest-19860112	1986-02-27	1986-03-01
232	southwest-88-DAL-LIT-2010-b57	already_imported	southwest	88	DAL	LIT	20:10	21:05	0	123457	N/S	red	29	southwest-19860112	1986-02-27	1986-03-01
233	southwest-339-LIT-HOU-0830-b58	already_imported	southwest	339	LIT	HOU	08:30	09:35	0	123456	N/S	red	29	southwest-19860112	1986-02-27	1986-03-01
234	southwest-761-HOU-LIT-0740-b58	already_imported	southwest	761	HOU	LIT	07:40	08:45	0	123456	N/S	red	29	southwest-19860112	1986-02-27	1986-03-01
235	southwest-341-LIT-MSY-0935-b61	new_schedule	southwest	341	LIT	MSY	09:35	10:35	0	123456	N/S	red	30	southwest-19860112	1986-02-27	1986-03-01
236	southwest-349-LIT-MSY-1745-b61	new_schedule	southwest	349	LIT	MSY	17:45	18:45	0	123457	N/S	red	30	southwest-19860112	1986-02-27	1986-03-01
237	southwest-352-MSY-LIT-1515-b61	new_schedule	southwest	352	MSY	LIT	15:15	16:15	0	1234567	N/S	red	30	southwest-19860112	1986-02-27	1986-03-01
238	southwest-476-MSY-LIT-1915-b61	new_schedule	southwest	476	MSY	LIT	19:15	20:15	0	123457	N/S	red	30	southwest-19860112	1986-02-27	1986-03-01
239	southwest-761-LIT-STL-0855-b61	repeated_in_batch	southwest	761	LIT	STL	08:55	10:00	0	123456	N/S	red	30	southwest-19860112	1986-02-27	1986-03-01
240	southwest-352-LIT-STL-1625-b61	repeated_in_batch	southwest	352	LIT	STL	16:25	17:30	0	1234567	N/S	red	30	southwest-19860112	1986-02-27	1986-03-01
241	southwest-476-LIT-STL-2030-b61	repeated_in_batch	southwest	476	LIT	STL	20:30	21:35	0	123457	N/S	red	30	southwest-19860112	1986-02-27	1986-03-01
242	southwest-339-STL-LIT-0715-b61	repeated_in_batch	southwest	339	STL	LIT	07:15	08:20	0	123456	N/S	red	30	southwest-19860112	1986-02-27	1986-03-01
243	southwest-341-STL-LIT-0820-b61	repeated_in_batch	southwest	341	STL	LIT	08:20	09:25	0	123456	N/S	red	30	southwest-19860112	1986-02-27	1986-03-01
244	southwest-349-STL-LIT-1625-b61	repeated_in_batch	southwest	349	STL	LIT	16:25	17:30	0	123457	N/S	red	30	southwest-19860112	1986-02-27	1986-03-01
