schedule	airline	flight	origin	destination	departure_local	arrival_local	arrival_day_offset	printed_days	printed_stops	printed_number_color	printed_page	source	import_valid_from	import_valid_to
southwest-404-DAL-ABQ-1005-b57	southwest	404	DAL	ABQ	10:05	10:50	0	1234567	N/S	red	13	southwest-19860112	1986-02-27	1986-03-01
southwest-54-DAL-ABQ-1405-b57	southwest	54	DAL	ABQ	14:05	14:50	0	1234567	N/S	red	13	southwest-19860112	1986-02-27	1986-03-01
southwest-23-ABQ-DAL-0630-b57	southwest	23	ABQ	DAL	06:30	09:05	0	1	N/S	red	13	southwest-19860112	1986-02-27	1986-03-01
southwest-59-ABQ-DAL-1100-b57	southwest	59	ABQ	DAL	11:00	13:35	0	1234567	N/S	red	13	southwest-19860112	1986-02-27	1986-03-01
southwest-93-ABQ-DAL-1500-b57	southwest	93	ABQ	DAL	15:00	17:35	0	1234567	N/S	red	13	southwest-19860112	1986-02-27	1986-03-01
southwest-569-ABQ-DAL-2000-b57	southwest	569	ABQ	DAL	20:00	22:35	0	123457	N/S	red	13	southwest-19860112	1986-02-27	1986-03-01
southwest-6-DAL-AMA-0820-b57	southwest	6	DAL	AMA	08:20	09:30	0	12345	N/S	red	14	southwest-19860112	1986-02-27	1986-03-01
southwest-502-DAL-AMA-0930-b57	southwest	502	DAL	AMA	09:30	10:40	0	1567	N/S	red	14	southwest-19860112	1986-02-27	1986-03-01
southwest-162-DAL-AMA-1205-b57	southwest	162	DAL	AMA	12:05	13:15	0	1234567	N/S	red	14	southwest-19860112	1986-02-27	1986-03-01
southwest-498-DAL-AMA-1415-b57	southwest	498	DAL	AMA	14:15	15:25	0	1234567	N/S	red	14	southwest-19860112	1986-02-27	1986-03-01
southwest-360-DAL-AMA-1620-b57	southwest	360	DAL	AMA	16:20	17:30	0	1234567	N/S	red	14	southwest-19860112	1986-02-27	1986-03-01
southwest-500-DAL-AMA-1840-b57	southwest	500	DAL	AMA	18:40	19:50	0	123457	N/S	red	14	southwest-19860112	1986-02-27	1986-03-01
southwest-198-DAL-AMA-2210-b57	southwest	198	DAL	AMA	22:10	23:20	0	123457	N/S	red	14	southwest-19860112	1986-02-27	1986-03-01
southwest-501-AMA-DAL-0620-b57	southwest	501	AMA	DAL	06:20	07:20	0	12345	N/S	red	14	southwest-19860112	1986-02-27	1986-03-01
southwest-163-AMA-DAL-0945-b57	southwest	163	AMA	DAL	09:45	10:45	0	1234567	N/S	red	14	southwest-19860112	1986-02-27	1986-03-01
southwest-49-AMA-DAL-1050-b57	southwest	49	AMA	DAL	10:50	11:50	0	1567	N/S	red	14	southwest-19860112	1986-02-27	1986-03-01
southwest-179-AMA-DAL-1330-b57	southwest	179	AMA	DAL	13:30	14:30	0	1234567	N/S	red	14	southwest-19860112	1986-02-27	1986-03-01
southwest-499-AMA-DAL-1545-b57	southwest	499	AMA	DAL	15:45	16:45	0	1234567	N/S	red	14	southwest-19860112	1986-02-27	1986-03-01
southwest-103-AMA-DAL-1740-b57	southwest	103	AMA	DAL	17:40	18:40	0	123457	N/S	red	14	southwest-19860112	1986-02-27	1986-03-01
southwest-517-AMA-DAL-2000-b57	southwest	517	AMA	DAL	20:00	21:00	0	1234567	N/S	red	14	southwest-19860112	1986-02-27	1986-03-01
southwest-223-DAL-AUS-MUELLER-0715-b57	southwest	223	DAL	AUS-MUELLER	07:15	08:05	0	12345	N/S	red	14	southwest-19860112	1986-02-27	1986-03-01
southwest-225-DAL-AUS-MUELLER-0815-b57	southwest	225	DAL	AUS-MUELLER	08:15	09:05	0	123456	N/S	red	14	southwest-19860112	1986-02-27	1986-03-01
southwest-227-DAL-AUS-MUELLER-0915-b57	southwest	227	DAL	AUS-MUELLER	09:15	10:05	0	1234	N/S	red	14	southwest-19860112	1986-02-27	1986-03-01
southwest-231-DAL-AUS-MUELLER-1015-b57	southwest	231	DAL	AUS-MUELLER	10:15	11:05	0	1234567	N/S	red	14	southwest-19860112	1986-02-27	1986-03-01
southwest-235-DAL-AUS-MUELLER-1115-b57	southwest	235	DAL	AUS-MUELLER	11:15	12:05	0	1234567	N/S	red	14	southwest-19860112	1986-02-27	1986-03-01
southwest-239-DAL-AUS-MUELLER-1215-b57	southwest	239	DAL	AUS-MUELLER	12:15	13:05	0	1234567	N/S	red	14	southwest-19860112	1986-02-27	1986-03-01
southwest-306-DAL-AUS-MUELLER-1415-b57	southwest	306	DAL	AUS-MUELLER	14:15	15:05	0	123457	N/S	red	14	southwest-19860112	1986-02-27	1986-03-01
southwest-241-DAL-AUS-MUELLER-1530-b57	southwest	241	DAL	AUS-MUELLER	15:30	16:20	0	123457	N/S	red	14	southwest-19860112	1986-02-27	1986-03-01
southwest-255-DAL-AUS-MUELLER-1630-b57	southwest	255	DAL	AUS-MUELLER	16:30	17:20	0	1234567	N/S	red	14	southwest-19860112	1986-02-27	1986-03-01
southwest-257-DAL-AUS-MUELLER-1730-b57	southwest	257	DAL	AUS-MUELLER	17:30	18:20	0	1234567	N/S	red	14	southwest-19860112	1986-02-27	1986-03-01
southwest-264-DAL-AUS-MUELLER-1900-b57	southwest	264	DAL	AUS-MUELLER	19:00	19:50	0	123457	N/S	red	14	southwest-19860112	1986-02-27	1986-03-01
southwest-263-DAL-AUS-MUELLER-1935-b57	southwest	263	DAL	AUS-MUELLER	19:35	20:25	0	1234567	N/S	red	14	southwest-19860112	1986-02-27	1986-03-01
southwest-273-DAL-AUS-MUELLER-2135-b57	southwest	273	DAL	AUS-MUELLER	21:35	22:25	0	123457	N/S	red	14	southwest-19860112	1986-02-27	1986-03-01
southwest-224-AUS-MUELLER-DAL-0715-b57	southwest	224	AUS-MUELLER	DAL	07:15	08:05	0	123456	N/S	red	14	southwest-19860112	1986-02-27	1986-03-01
southwest-226-AUS-MUELLER-DAL-0815-b57	southwest	226	AUS-MUELLER	DAL	08:15	09:05	0	1234	N/S	red	14	southwest-19860112	1986-02-27	1986-03-01
southwest-228-AUS-MUELLER-DAL-0915-b57	southwest	228	AUS-MUELLER	DAL	09:15	10:05	0	123456	N/S	red	14	southwest-19860112	1986-02-27	1986-03-01
southwest-230-AUS-MUELLER-DAL-1015-b57	southwest	230	AUS-MUELLER	DAL	10:15	11:05	0	12345	N/S	red	14	southwest-19860112	1986-02-27	1986-03-01
southwest-234-AUS-MUELLER-DAL-1115-b57	southwest	234	AUS-MUELLER	DAL	11:15	12:05	0	1234567	N/S	red	14	southwest-19860112	1986-02-27	1986-03-01
southwest-244-AUS-MUELLER-DAL-1315-b57	southwest	244	AUS-MUELLER	DAL	13:15	14:05	0	1234567	N/S	red	14	southwest-19860112	1986-02-27	1986-03-01
southwest-252-AUS-MUELLER-DAL-1430-b57	southwest	252	AUS-MUELLER	DAL	14:30	15:20	0	1234567	N/S	red	14	southwest-19860112	1986-02-27	1986-03-01
southwest-305-AUS-MUELLER-DAL-1530-b57	southwest	305	AUS-MUELLER	DAL	15:30	16:20	0	1234567	N/S	red	14	southwest-19860112	1986-02-27	1986-03-01
southwest-254-AUS-MUELLER-DAL-1630-b57	southwest	254	AUS-MUELLER	DAL	16:30	17:20	0	123457	N/S	red	14	southwest-19860112	1986-02-27	1986-03-01
southwest-260-AUS-MUELLER-DAL-1730-b57	southwest	260	AUS-MUELLER	DAL	17:30	18:20	0	1234567	N/S	red	14	southwest-19860112	1986-02-27	1986-03-01
southwest-262-AUS-MUELLER-DAL-1830-b57	southwest	262	AUS-MUELLER	DAL	18:30	19:20	0	1234567	N/S	red	14	southwest-19860112	1986-02-27	1986-03-01
southwest-266-AUS-MUELLER-DAL-1900-b57	southwest	266	AUS-MUELLER	DAL	19:00	19:50	0	123457	N/S	red	14	southwest-19860112	1986-02-27	1986-03-01
southwest-268-AUS-MUELLER-DAL-2000-b57	southwest	268	AUS-MUELLER	DAL	20:00	20:50	0	123457	N/S	red	14	southwest-19860112	1986-02-27	1986-03-01
southwest-272-AUS-MUELLER-DAL-2035-b57	southwest	272	AUS-MUELLER	DAL	20:35	21:25	0	1234567	N/S	red	14	southwest-19860112	1986-02-27	1986-03-01
southwest-302-DAL-ELP-0840-b57	southwest	302	DAL	ELP	08:40	09:20	0	12347	N/S	red	14	southwest-19860112	1986-02-27	1986-03-01
southwest-310-DAL-ELP-1805-b57	southwest	310	DAL	ELP	18:05	18:45	0	1234567	N/S	red	14	southwest-19860112	1986-02-27	1986-03-01
southwest-116-DAL-ELP-2100-b57	southwest	116	DAL	ELP	21:00	21:40	0	457	N/S	red	14	southwest-19860112	1986-02-27	1986-03-01
southwest-301-ELP-DAL-0615-b57	southwest	301	ELP	DAL	06:15	08:45	0	12346	N/S	red	14	southwest-19860112	1986-02-27	1986-03-01
southwest-239-ELP-DAL-0930-b57	southwest	239	ELP	DAL	09:30	12:00	0	1234567	N/S	red	14	southwest-19860112	1986-02-27	1986-03-01
southwest-307-ELP-DAL-1600-b57	southwest	307	ELP	DAL	16:00	18:30	0	123457	N/S	red	14	southwest-19860112	1986-02-27	1986-03-01
southwest-1-DAL-HOU-0700-b57	southwest	1	DAL	HOU	07:00	07:55	0	123456	N/S	red	14	southwest-19860112	1986-02-27	1986-03-01
southwest-5-DAL-HOU-0715-b57	southwest	5	DAL	HOU	07:15	08:10	0	123456	N/S	red	14	southwest-19860112	1986-02-27	1986-03-01
southwest-9-DAL-HOU-0745-b57	southwest	9	DAL	HOU	07:45	08:40	0	123456	N/S	red	14	southwest-19860112	1986-02-27	1986-03-01
southwest-15-DAL-HOU-0800-b57	southwest	15	DAL	HOU	08:00	08:55	0	12345	N/S	red	14	southwest-19860112	1986-02-27	1986-03-01
southwest-17-DAL-HOU-0815-b57	southwest	17	DAL	HOU	08:15	09:10	0	1234567	N/S	red	14	southwest-19860112	1986-02-27	1986-03-01
southwest-21-DAL-HOU-0900-b57	southwest	21	DAL	HOU	09:00	09:55	0	1234567	N/S	red	14	southwest-19860112	1986-02-27	1986-03-01
southwest-25-DAL-HOU-1000-b57	southwest	25	DAL	HOU	10:00	10:55	0	123457	N/S	red	14	southwest-19860112	1986-02-27	1986-03-01
southwest-33-DAL-HOU-1100-b57	southwest	33	DAL	HOU	11:00	11:55	0	1234567	N/S	red	14	southwest-19860112	1986-02-27	1986-03-01
southwest-49-DAL-HOU-1200-b57	southwest	49	DAL	HOU	12:00	12:55	0	1234567	N/S	red	14	southwest-19860112	1986-02-27	1986-03-01
southwest-53-DAL-HOU-1300-b57	southwest	53	DAL	HOU	13:00	13:55	0	1234567	N/S	red	14	southwest-19860112	1986-02-27	1986-03-01
southwest-65-DAL-HOU-1400-b57	southwest	65	DAL	HOU	14:00	14:55	0	1234567	N/S	red	14	southwest-19860112	1986-02-27	1986-03-01
southwest-69-DAL-HOU-1500-b57	southwest	69	DAL	HOU	15:00	15:55	0	1234567	N/S	red	14	southwest-19860112	1986-02-27	1986-03-01
southwest-73-DAL-HOU-1600-b57	southwest	73	DAL	HOU	16:00	16:55	0	1234567	N/S	red	14	southwest-19860112	1986-02-27	1986-03-01
southwest-77-DAL-HOU-1645-b57	southwest	77	DAL	HOU	16:45	17:40	0	1234567	N/S	red	14	southwest-19860112	1986-02-27	1986-03-01
southwest-81-DAL-HOU-1700-b57	southwest	81	DAL	HOU	17:00	17:55	0	1234567	N/S	red	14	southwest-19860112	1986-02-27	1986-03-01
southwest-87-DAL-HOU-1715-b57	southwest	87	DAL	HOU	17:15	18:10	0	1234567	N/S	red	14	southwest-19860112	1986-02-27	1986-03-01
southwest-89-DAL-HOU-1745-b57	southwest	89	DAL	HOU	17:45	18:40	0	1234567	N/S	red	14	southwest-19860112	1986-02-27	1986-03-01
southwest-95-DAL-HOU-1800-b57	southwest	95	DAL	HOU	18:00	18:55	0	1234567	N/S	red	14	southwest-19860112	1986-02-27	1986-03-01
southwest-103-DAL-HOU-1900-b57	southwest	103	DAL	HOU	19:00	19:55	0	1234567	N/S	red	14	southwest-19860112	1986-02-27	1986-03-01
southwest-105-DAL-HOU-2000-b57	southwest	105	DAL	HOU	20:00	20:55	0	1234567	N/S	red	14	southwest-19860112	1986-02-27	1986-03-01
southwest-2-HOU-DAL-0700-b57	southwest	2	HOU	DAL	07:00	07:55	0	12346	N/S	red	14	southwest-19860112	1986-02-27	1986-03-01
southwest-6-HOU-DAL-0715-b57	southwest	6	HOU	DAL	07:15	08:10	0	12345	N/S	red	14	southwest-19860112	1986-02-27	1986-03-01
southwest-10-HOU-DAL-0745-b57	southwest	10	HOU	DAL	07:45	08:40	0	123456	N/S	red	14	southwest-19860112	1986-02-27	1986-03-01
southwest-14-HOU-DAL-0800-b57	southwest	14	HOU	DAL	08:00	08:55	0	123456	N/S	red	14	southwest-19860112	1986-02-27	1986-03-01
southwest-18-HOU-DAL-0815-b57	southwest	18	HOU	DAL	08:15	09:10	0	123457	N/S	red	14	southwest-19860112	1986-02-27	1986-03-01
southwest-22-HOU-DAL-0900-b57	southwest	22	HOU	DAL	09:00	09:55	0	1234567	N/S	red	14	southwest-19860112	1986-02-27	1986-03-01
southwest-30-HOU-DAL-1000-b57	southwest	30	HOU	DAL	10:00	10:55	0	1234567	N/S	red	14	southwest-19860112	1986-02-27	1986-03-01
southwest-34-HOU-DAL-1100-b57	southwest	34	HOU	DAL	11:00	11:55	0	1234567	N/S	red	14	southwest-19860112	1986-02-27	1986-03-01
southwest-42-HOU-DAL-1200-b57	southwest	42	HOU	DAL	12:00	12:55	0	1234567	N/S	red	14	southwest-19860112	1986-02-27	1986-03-01
southwest-50-HOU-DAL-1300-b57	southwest	50	HOU	DAL	13:00	13:55	0	1234567	N/S	red	14	southwest-19860112	1986-02-27	1986-03-01
southwest-58-HOU-DAL-1400-b57	southwest	58	HOU	DAL	14:00	14:55	0	1234567	N/S	red	14	southwest-19860112	1986-02-27	1986-03-01
southwest-70-HOU-DAL-1500-b57	southwest	70	HOU	DAL	15:00	15:55	0	1234567	N/S	red	14	southwest-19860112	1986-02-27	1986-03-01
southwest-74-HOU-DAL-1600-b57	southwest	74	HOU	DAL	16:00	16:55	0	1234567	N/S	red	14	southwest-19860112	1986-02-27	1986-03-01
southwest-82-HOU-DAL-1645-b57	southwest	82	HOU	DAL	16:45	17:40	0	1234567	N/S	red	14	southwest-19860112	1986-02-27	1986-03-01
southwest-86-HOU-DAL-1700-b57	southwest	86	HOU	DAL	17:00	17:55	0	1234567	N/S	red	14	southwest-19860112	1986-02-27	1986-03-01
southwest-90-HOU-DAL-1745-b57	southwest	90	HOU	DAL	17:45	18:40	0	1234567	N/S	red	14	southwest-19860112	1986-02-27	1986-03-01
southwest-94-HOU-DAL-1800-b57	southwest	94	HOU	DAL	18:00	18:55	0	1234567	N/S	red	14	southwest-19860112	1986-02-27	1986-03-01
southwest-98-HOU-DAL-1900-b57	southwest	98	HOU	DAL	19:00	19:55	0	1234567	N/S	red	14	southwest-19860112	1986-02-27	1986-03-01
southwest-110-HOU-DAL-2000-b57	southwest	110	HOU	DAL	20:00	20:55	0	123457	N/S	red	14	southwest-19860112	1986-02-27	1986-03-01
southwest-111-DAL-HOU-2015-b57	southwest	111	DAL	HOU	20:15	21:10	0	457	N/S	red	15	southwest-19860112	1986-02-27	1986-03-01
southwest-113-DAL-HOU-2100-b57	southwest	113	DAL	HOU	21:00	21:55	0	1234567	N/S	red	15	southwest-19860112	1986-02-27	1986-03-01
southwest-129-DAL-HOU-2200-b57	southwest	129	DAL	HOU	22:00	22:55	0	234567	N/S	red	15	southwest-19860112	1986-02-27	1986-03-01
southwest-114-HOU-DAL-2100-b57	southwest	114	HOU	DAL	21:00	21:55	0	1234567	N/S	red	15	southwest-19860112	1986-02-27	1986-03-01
southwest-122-HOU-DAL-2200-b57	southwest	122	HOU	DAL	22:00	22:55	0	1234567	N/S	red	15	southwest-19860112	1986-02-27	1986-03-01
southwest-138-HOU-DAL-2300-b57	southwest	138	HOU	DAL	23:00	23:55	0	12347	N/S	red	15	southwest-19860112	1986-02-27	1986-03-01
southwest-7-DAL-IAH-0645-b57	southwest	7	DAL	IAH	06:45	07:35	0	12345	N/S	red	15	southwest-19860112	1986-02-27	1986-03-01
southwest-11-DAL-IAH-0750-b57	southwest	11	DAL	IAH	07:50	08:40	0	12345	N/S	red	15	southwest-19860112	1986-02-27	1986-03-01
southwest-27-DAL-IAH-0950-b57	southwest	27	DAL	IAH	09:50	10:40	0	123456	N/S	red	15	southwest-19860112	1986-02-27	1986-03-01
southwest-43-DAL-IAH-1200-b57	southwest	43	DAL	IAH	12:00	12:50	0	1234567	N/S	red	15	southwest-19860112	1986-02-27	1986-03-01
southwest-59-DAL-IAH-1345-b57	southwest	59	DAL	IAH	13:45	14:35	0	1234567	N/S	red	15	southwest-19860112	1986-02-27	1986-03-01
southwest-75-DAL-IAH-1545-b57	southwest	75	DAL	IAH	15:45	16:35	0	1234567	N/S	red	15	southwest-19860112	1986-02-27	1986-03-01
southwest-79-DAL-IAH-1800-b57	southwest	79	DAL	IAH	18:00	18:50	0	1234567	N/S	red	15	southwest-19860112	1986-02-27	1986-03-01
southwest-99-DAL-IAH-1900-b57	southwest	99	DAL	IAH	19:00	19:50	0	1234567	N/S	red	15	southwest-19860112	1986-02-27	1986-03-01
southwest-107-DAL-IAH-2110-b57	southwest	107	DAL	IAH	21:10	22:00	0	123457	N/S	red	15	southwest-19860112	1986-02-27	1986-03-01
southwest-4-IAH-DAL-0630-b57	southwest	4	IAH	DAL	06:30	07:20	0	1234	N/S	red	15	southwest-19860112	1986-02-27	1986-03-01
southwest-8-IAH-DAL-0745-b57	southwest	8	IAH	DAL	07:45	08:35	0	12345	N/S	red	15	southwest-19860112	1986-02-27	1986-03-01
southwest-36-IAH-DAL-1050-b57	southwest	36	IAH	DAL	10:50	11:40	0	123456	N/S	red	15	southwest-19860112	1986-02-27	1986-03-01
southwest-52-IAH-DAL-1300-b57	southwest	52	IAH	DAL	13:00	13:50	0	1234567	N/S	red	15	southwest-19860112	1986-02-27	1986-03-01
southwest-68-IAH-DAL-1445-b57	southwest	68	IAH	DAL	14:45	15:35	0	1234567	N/S	red	15	southwest-19860112	1986-02-27	1986-03-01
southwest-84-IAH-DAL-1645-b57	southwest	84	IAH	DAL	16:45	17:35	0	1234567	N/S	red	15	southwest-19860112	1986-02-27	1986-03-01
southwest-88-IAH-DAL-1900-b57	southwest	88	IAH	DAL	19:00	19:50	0	1234567	N/S	red	15	southwest-19860112	1986-02-27	1986-03-01
southwest-116-IAH-DAL-2000-b57	southwest	116	IAH	DAL	20:00	20:50	0	1234567	N/S	red	15	southwest-19860112	1986-02-27	1986-03-01
southwest-108-IAH-DAL-2210-b57	southwest	108	IAH	DAL	22:10	23:00	0	45	N/S	red	15	southwest-19860112	1986-02-27	1986-03-01
southwest-706-DAL-LIT-0700-b57	southwest	706	DAL	LIT	07:00	07:55	0	12345	N/S	red	15	southwest-19860112	1986-02-27	1986-03-01
southwest-497-DAL-LIT-0910-b57	southwest	497	DAL	LIT	09:10	10:05	0	1234567	N/S	red	15	southwest-19860112	1986-02-27	1986-03-01
southwest-42-DAL-LIT-1310-b57	southwest	42	DAL	LIT	13:10	14:05	0	1234567	N/S	red	15	southwest-19860112	1986-02-27	1986-03-01
southwest-62-DAL-LIT-1445-b57	southwest	62	DAL	LIT	14:45	15:40	0	1234567	N/S	red	15	southwest-19860112	1986-02-27	1986-03-01
southwest-78-DAL-LIT-1705-b57	southwest	78	DAL	LIT	17:05	18:00	0	1234567	N/S	red	15	southwest-19860112	1986-02-27	1986-03-01
southwest-88-DAL-LIT-2010-b57	southwest	88	DAL	LIT	20:10	21:05	0	123457	N/S	red	15	southwest-19860112	1986-02-27	1986-03-01
southwest-721-LIT-DAL-0805-b57	southwest	721	LIT	DAL	08:05	09:05	0	12345	N/S	red	15	southwest-19860112	1986-02-27	1986-03-01
southwest-41-LIT-DAL-1015-b57	southwest	41	LIT	DAL	10:15	11:15	0	1234567	N/S	red	15	southwest-19860112	1986-02-27	1986-03-01
southwest-73-LIT-DAL-1450-b57	southwest	73	LIT	DAL	14:50	15:50	0	1234567	N/S	red	15	southwest-19860112	1986-02-27	1986-03-01
southwest-85-LIT-DAL-1600-b57	southwest	85	LIT	DAL	16:00	17:00	0	1234567	N/S	red	15	southwest-19860112	1986-02-27	1986-03-01
southwest-461-LIT-DAL-1810-b57	southwest	461	LIT	DAL	18:10	19:10	0	1234567	N/S	red	15	southwest-19860112	1986-02-27	1986-03-01
southwest-133-LIT-DAL-2120-b57	southwest	133	LIT	DAL	21:20	22:20	0	123457	N/S	red	15	southwest-19860112	1986-02-27	1986-03-01
southwest-218-DAL-LBB-0700-b57	southwest	218	DAL	LBB	07:00	08:00	0	1234	N/S	red	15	southwest-19860112	1986-02-27	1986-03-01
southwest-220-DAL-LBB-0845-b57	southwest	220	DAL	LBB	08:45	09:45	0	1234567	N/S	red	15	southwest-19860112	1986-02-27	1986-03-01
southwest-300-DAL-LBB-1015-b57	southwest	300	DAL	LBB	10:15	11:15	0	123457	N/S	red	15	southwest-19860112	1986-02-27	1986-03-01
southwest-304-DAL-LBB-1115-b57	southwest	304	DAL	LBB	11:15	12:15	0	1234567	N/S	red	15	southwest-19860112	1986-02-27	1986-03-01
southwest-386-DAL-LBB-1310-b57	southwest	386	DAL	LBB	13:10	14:10	0	1234567	N/S	red	15	southwest-19860112	1986-02-27	1986-03-01
southwest-388-DAL-LBB-1530-b57	southwest	388	DAL	LBB	15:30	16:30	0	123457	N/S	red	15	southwest-19860112	1986-02-27	1986-03-01
southwest-394-DAL-LBB-1610-b57	southwest	394	DAL	LBB	16:10	17:10	0	1234567	N/S	red	15	southwest-19860112	1986-02-27	1986-03-01
southwest-260-DAL-LBB-1830-b57	southwest	260	DAL	LBB	18:30	19:30	0	123457	N/S	red	15	southwest-19860112	1986-02-27	1986-03-01
southwest-270-DAL-LBB-2115-b57	southwest	270	DAL	LBB	21:15	22:15	0	123457	N/S	red	15	southwest-19860112	1986-02-27	1986-03-01
southwest-225-LBB-DAL-0705-b57	southwest	225	LBB	DAL	07:05	08:00	0	12345	N/S	red	15	southwest-19860112	1986-02-27	1986-03-01
southwest-325-LBB-DAL-0705-b57	southwest	325	LBB	DAL	07:05	08:00	0	6	N/S	red	15	southwest-19860112	1986-02-27	1986-03-01
southwest-33-LBB-DAL-0955-b57	southwest	33	LBB	DAL	09:55	10:50	0	1234567	N/S	red	15	southwest-19860112	1986-02-27	1986-03-01
southwest-383-LBB-DAL-1130-b57	southwest	383	LBB	DAL	11:30	12:25	0	123457	N/S	red	15	southwest-19860112	1986-02-27	1986-03-01
southwest-303-LBB-DAL-1230-b57	southwest	303	LBB	DAL	12:30	13:25	0	123457	N/S	red	15	southwest-19860112	1986-02-27	1986-03-01
southwest-385-LBB-DAL-1430-b57	southwest	385	LBB	DAL	14:30	15:25	0	1234567	N/S	red	15	southwest-19860112	1986-02-27	1986-03-01
southwest-261-LBB-DAL-1720-b57	southwest	261	LBB	DAL	17:20	18:15	0	1234567	N/S	red	15	southwest-19860112	1986-02-27	1986-03-01
southwest-389-LBB-DAL-1920-b57	southwest	389	LBB	DAL	19:20	20:15	0	1234567	N/S	red	15	southwest-19860112	1986-02-27	1986-03-01
southwest-395-LBB-DAL-2310-b57	southwest	395	LBB	DAL	23:10	00:05	1	123457	N/S	red	15	southwest-19860112	1986-02-27	1986-03-01
southwest-328-DAL-MAF-0715-b57	southwest	328	DAL	MAF	07:15	08:20	0	12345	N/S	red	15	southwest-19860112	1986-02-27	1986-03-01
southwest-317-DAL-MAF-0845-b57	southwest	317	DAL	MAF	08:45	09:50	0	6	N/S	red	15	southwest-19860112	1986-02-27	1986-03-01
southwest-26-DAL-MAF-1035-b57	southwest	26	DAL	MAF	10:35	11:40	0	1234567	N/S	red	15	southwest-19860112	1986-02-27	1986-03-01
southwest-234-DAL-MAF-1215-b57	southwest	234	DAL	MAF	12:15	13:20	0	1234567	N/S	red	15	southwest-19860112	1986-02-27	1986-03-01
southwest-68-DAL-MAF-1545-b57	southwest	68	DAL	MAF	15:45	16:50	0	1234567	N/S	red	15	southwest-19860112	1986-02-27	1986-03-01
southwest-94-DAL-MAF-1915-b57	southwest	94	DAL	MAF	19:15	20:20	0	1234567	N/S	red	15	southwest-19860112	1986-02-27	1986-03-01
southwest-334-DAL-MAF-2045-b57	southwest	334	DAL	MAF	20:45	21:50	0	123457	N/S	red	15	southwest-19860112	1986-02-27	1986-03-01
southwest-392-DAL-MAF-2245-b57	southwest	392	DAL	MAF	22:45	23:45	0	5	N/S	red	15	southwest-19860112	1986-02-27	1986-03-01
southwest-15-MAF-DAL-0630-b57	southwest	15	MAF	DAL	06:30	07:30	0	12345	N/S	red	15	southwest-19860112	1986-02-27	1986-03-01
southwest-201-MAF-DAL-0830-b57	southwest	201	MAF	DAL	08:30	09:30	0	123456	N/S	red	15	southwest-19860112	1986-02-27	1986-03-01
southwest-361-MAF-DAL-1150-b57	southwest	361	MAF	DAL	11:50	12:50	0	1234567	N/S	red	15	southwest-19860112	1986-02-27	1986-03-01
southwest-69-MAF-DAL-1345-b57	southwest	69	MAF	DAL	13:45	14:45	0	1234567	N/S	red	15	southwest-19860112	1986-02-27	1986-03-01
southwest-189-MAF-DAL-1700-b57	southwest	189	MAF	DAL	17:00	18:00	0	1234567	N/S	red	15	southwest-19860112	1986-02-27	1986-03-01
southwest-320-MAF-DAL-1945-b57	southwest	320	MAF	DAL	19:45	20:45	0	7	N/S	red	15	southwest-19860112	1986-02-27	1986-03-01
southwest-129-MAF-DAL-2045-b57	southwest	129	MAF	DAL	20:45	21:45	0	123457	N/S	red	15	southwest-19860112	1986-02-27	1986-03-01
southwest-29-DAL-MSY-1100-b57	southwest	29	DAL	MSY	11:00	12:10	0	1234567	N/S	red	15	southwest-19860112	1986-02-27	1986-03-01
southwest-459-DAL-MSY-2005-b57	southwest	459	DAL	MSY	20:05	21:15	0	123457	N/S	red	15	southwest-19860112	1986-02-27	1986-03-01
southwest-662-MSY-DAL-1535-b57	southwest	662	MSY	DAL	15:35	16:55	0	1234567	N/S	red	15	southwest-19860112	1986-02-27	1986-03-01
southwest-362-MSY-DAL-2130-b57	southwest	362	MSY	DAL	21:30	22:50	0	123457	N/S	red	15	southwest-19860112	1986-02-27	1986-03-01
southwest-8-DAL-OKC-0845-b57	southwest	8	DAL	OKC	08:45	09:30	0	12356	N/S	red	15	southwest-19860112	1986-02-27	1986-03-01
southwest-12-DAL-OKC-0845-b57	southwest	12	DAL	OKC	08:45	09:30	0	4	N/S	red	15	southwest-19860112	1986-02-27	1986-03-01
southwest-30-DAL-OKC-1105-b57	southwest	30	DAL	OKC	11:05	11:50	0	1234567	N/S	red	15	southwest-19860112	1986-02-27	1986-03-01
southwest-650-DAL-OKC-1245-b57	southwest	650	DAL	OKC	12:45	13:30	0	123457	N/S	red	15	southwest-19860112	1986-02-27	1986-03-01
southwest-660-DAL-OKC-1440-b57	southwest	660	DAL	OKC	14:40	15:25	0	123457	N/S	red	15	southwest-19860112	1986-02-27	1986-03-01
southwest-58-DAL-OKC-1505-b57	southwest	58	DAL	OKC	15:05	15:50	0	6	N/S	red	15	southwest-19860112	1986-02-27	1986-03-01
southwest-662-DAL-OKC-1705-b57	southwest	662	DAL	OKC	17:05	17:50	0	1234567	N/S	red	15	southwest-19860112	1986-02-27	1986-03-01
southwest-83-DAL-OKC-1810-b57	southwest	83	DAL	OKC	18:10	18:55	0	123457	N/S	red	15	southwest-19860112	1986-02-27	1986-03-01
southwest-664-DAL-OKC-1920-b57	southwest	664	DAL	OKC	19:20	20:05	0	123457	N/S	red	15	southwest-19860112	1986-02-27	1986-03-01
southwest-106-DAL-OKC-2105-b57	southwest	106	DAL	OKC	21:05	21:50	0	123457	N/S	red	15	southwest-19860112	1986-02-27	1986-03-01
southwest-17-OKC-DAL-0715-b57	southwest	17	OKC	DAL	07:15	08:00	0	123456	N/S	red	15	southwest-19860112	1986-02-27	1986-03-01
southwest-647-OKC-DAL-0940-b57	southwest	647	OKC	DAL	09:40	10:25	0	1234567	N/S	red	15	southwest-19860112	1986-02-27	1986-03-01
southwest-171-OKC-DAL-1200-b57	southwest	171	OKC	DAL	12:00	12:45	0	1234567	N/S	red	15	southwest-19860112	1986-02-27	1986-03-01
southwest-657-OKC-DAL-1345-b57	southwest	657	OKC	DAL	13:45	14:30	0	123457	N/S	red	15	southwest-19860112	1986-02-27	1986-03-01
southwest-81-OKC-DAL-1600-b57	southwest	81	OKC	DAL	16:00	16:45	0	1234567	N/S	red	15	southwest-19860112	1986-02-27	1986-03-01
southwest-97-OKC-DAL-1800-b57	southwest	97	OKC	DAL	18:00	18:45	0	123457	N/S	red	15	southwest-19860112	1986-02-27	1986-03-01
southwest-659-OKC-DAL-1905-b57	southwest	659	OKC	DAL	19:05	19:50	0	123457	N/S	red	15	southwest-19860112	1986-02-27	1986-03-01
southwest-107-OKC-DAL-2015-b57	southwest	107	OKC	DAL	20:15	21:00	0	123457	N/S	red	15	southwest-19860112	1986-02-27	1986-03-01
southwest-145-DAL-SAT-0630-b57	southwest	145	DAL	SAT	06:30	07:25	0	12345	N/S	red	16	southwest-19860112	1986-02-27	1986-03-01
southwest-147-DAL-SAT-0745-b57	southwest	147	DAL	SAT	07:45	08:40	0	123456	N/S	red	16	southwest-19860112	1986-02-27	1986-03-01
southwest-149-DAL-SAT-0815-b57	southwest	149	DAL	SAT	08:15	09:10	0	12347	N/S	red	16	southwest-19860112	1986-02-27	1986-03-01
southwest-151-DAL-SAT-0845-b57	southwest	151	DAL	SAT	08:45	09:40	0	123456	N/S	red	16	southwest-19860112	1986-02-27	1986-03-01
southwest-155-DAL-SAT-0900-b57	southwest	155	DAL	SAT	09:00	09:55	0	6	N/S	red	16	southwest-19860112	1986-02-27	1986-03-01
southwest-161-DAL-SAT-0945-b57	southwest	161	DAL	SAT	09:45	10:40	0	1234567	N/S	red	16	southwest-19860112	1986-02-27	1986-03-01
southwest-163-DAL-SAT-1100-b57	southwest	163	DAL	SAT	11:00	11:55	0	1234567	N/S	red	16	southwest-19860112	1986-02-27	1986-03-01
southwest-153-DAL-SAT-1140-b57	southwest	153	DAL	SAT	11:40	12:35	0	17	N/S	red	16	southwest-19860112	1986-02-27	1986-03-01
southwest-171-DAL-SAT-1300-b57	southwest	171	DAL	SAT	13:00	13:55	0	1234567	N/S	red	16	southwest-19860112	1986-02-27	1986-03-01
southwest-175-DAL-SAT-1340-b57	southwest	175	DAL	SAT	13:40	14:35	0	1567	N/S	red	16	southwest-19860112	1986-02-27	1986-03-01
southwest-181-DAL-SAT-1545-b57	southwest	181	DAL	SAT	15:45	16:40	0	1234567	N/S	red	16	southwest-19860112	1986-02-27	1986-03-01
southwest-187-DAL-SAT-1705-b57	southwest	187	DAL	SAT	17:05	18:00	0	1234567	N/S	red	16	southwest-19860112	1986-02-27	1986-03-01
southwest-189-DAL-SAT-1810-b57	southwest	189	DAL	SAT	18:10	19:05	0	123457	N/S	red	16	southwest-19860112	1986-02-27	1986-03-01
southwest-191-DAL-SAT-1900-b57	southwest	191	DAL	SAT	19:00	19:55	0	123457	N/S	red	16	southwest-19860112	1986-02-27	1986-03-01
southwest-193-DAL-SAT-2005-b57	southwest	193	DAL	SAT	20:05	21:00	0	1234567	N/S	red	16	southwest-19860112	1986-02-27	1986-03-01
southwest-195-DAL-SAT-2100-b57	southwest	195	DAL	SAT	21:00	21:55	0	123457	N/S	red	16	southwest-19860112	1986-02-27	1986-03-01
southwest-148-SAT-DAL-0640-b57	southwest	148	SAT	DAL	06:40	07:35	0	12345	N/S	red	16	southwest-19860112	1986-02-27	1986-03-01
southwest-150-SAT-DAL-0735-b57	southwest	150	SAT	DAL	07:35	08:30	0	123456	N/S	red	16	southwest-19860112	1986-02-27	1986-03-01
southwest-154-SAT-DAL-0900-b57	southwest	154	SAT	DAL	09:00	09:55	0	1234567	N/S	red	16	southwest-19860112	1986-02-27	1986-03-01
southwest-799-SAT-DAL-1005-b57	southwest	799	SAT	DAL	10:05	11:00	0	1234567	N/S	red	16	southwest-19860112	1986-02-27	1986-03-01
southwest-162-SAT-DAL-1100-b57	southwest	162	SAT	DAL	11:00	11:55	0	1234567	N/S	red	16	southwest-19860112	1986-02-27	1986-03-01
southwest-156-SAT-DAL-1200-b57	southwest	156	SAT	DAL	12:00	12:55	0	1234567	N/S	red	16	southwest-19860112	1986-02-27	1986-03-01
southwest-172-SAT-DAL-1245-b57	southwest	172	SAT	DAL	12:45	13:40	0	17	N/S	red	16	southwest-19860112	1986-02-27	1986-03-01
southwest-176-SAT-DAL-1405-b57	southwest	176	SAT	DAL	14:05	15:00	0	1567	N/S	red	16	southwest-19860112	1986-02-27	1986-03-01
southwest-180-SAT-DAL-1445-b57	southwest	180	SAT	DAL	14:45	15:40	0	1234567	N/S	red	16	southwest-19860112	1986-02-27	1986-03-01
southwest-188-SAT-DAL-1700-b57	southwest	188	SAT	DAL	17:00	17:55	0	1234567	N/S	red	16	southwest-19860112	1986-02-27	1986-03-01
southwest-192-SAT-DAL-1815-b57	southwest	192	SAT	DAL	18:15	19:10	0	1234567	N/S	red	16	southwest-19860112	1986-02-27	1986-03-01
southwest-194-SAT-DAL-1915-b57	southwest	194	SAT	DAL	19:15	20:10	0	123457	N/S	red	16	southwest-19860112	1986-02-27	1986-03-01
southwest-190-SAT-DAL-2000-b57	southwest	190	SAT	DAL	20:00	20:55	0	6	N/S	red	16	southwest-19860112	1986-02-27	1986-03-01
southwest-198-SAT-DAL-2100-b57	southwest	198	SAT	DAL	21:00	21:55	0	123457	N/S	red	16	southwest-19860112	1986-02-27	1986-03-01
southwest-196-SAT-DAL-2215-b57	southwest	196	SAT	DAL	22:15	23:05	0	123457	N/S	red	16	southwest-19860112	1986-02-27	1986-03-01
southwest-206-SAT-DAL-2315-b57	southwest	206	SAT	DAL	23:15	00:10	1	5	N/S	red	16	southwest-19860112	1986-02-27	1986-03-01
southwest-148-DAL-TUL-0745-b57	southwest	148	DAL	TUL	07:45	08:35	0	12345	N/S	red	16	southwest-19860112	1986-02-27	1986-03-01
southwest-10-DAL-TUL-0850-b57	southwest	10	DAL	TUL	08:50	09:40	0	12346	N/S	red	16	southwest-19860112	1986-02-27	1986-03-01
southwest-290-DAL-TUL-0945-b57	southwest	290	DAL	TUL	09:45	10:35	0	123457	N/S	red	16	southwest-19860112	1986-02-27	1986-03-01
southwest-36-DAL-TUL-1150-b57	southwest	36	DAL	TUL	11:50	12:40	0	123456	N/S	red	16	southwest-19860112	1986-02-27	1986-03-01
southwest-52-DAL-TUL-1400-b57	southwest	52	DAL	TUL	14:00	14:50	0	1234567	N/S	red	16	southwest-19860112	1986-02-27	1986-03-01
southwest-180-DAL-TUL-1550-b57	southwest	180	DAL	TUL	15:50	16:40	0	123457	N/S	red	16	southwest-19860112	1986-02-27	1986-03-01
southwest-84-DAL-TUL-1745-b57	southwest	84	DAL	TUL	17:45	18:35	0	1234567	N/S	red	16	southwest-19860112	1986-02-27	1986-03-01
southwest-262-DAL-TUL-1930-b57	southwest	262	DAL	TUL	19:30	20:20	0	123457	N/S	red	16	southwest-19860112	1986-02-27	1986-03-01
southwest-296-DAL-TUL-2200-b57	southwest	296	DAL	TUL	22:00	22:50	0	123457	N/S	red	16	southwest-19860112	1986-02-27	1986-03-01
southwest-11-TUL-DAL-0640-b57	southwest	11	TUL	DAL	06:40	07:35	0	12345	N/S	red	16	southwest-19860112	1986-02-27	1986-03-01
southwest-27-TUL-DAL-0845-b57	southwest	27	TUL	DAL	08:45	09:40	0	123456	N/S	red	16	southwest-19860112	1986-02-27	1986-03-01
southwest-29-TUL-DAL-0950-b57	southwest	29	TUL	DAL	09:50	10:45	0	12346	N/S	red	16	southwest-19860112	1986-02-27	1986-03-01
southwest-43-TUL-DAL-1050-b57	southwest	43	TUL	DAL	10:50	11:45	0	123457	N/S	red	16	southwest-19860112	1986-02-27	1986-03-01
southwest-61-TUL-DAL-1250-b57	southwest	61	TUL	DAL	12:50	13:45	0	1234567	N/S	red	16	southwest-19860112	1986-02-27	1986-03-01
southwest-629-TUL-DAL-1500-b57	southwest	629	TUL	DAL	15:00	15:55	0	1234567	N/S	red	16	southwest-19860112	1986-02-27	1986-03-01
southwest-79-TUL-DAL-1650-b57	southwest	79	TUL	DAL	16:50	17:45	0	123457	N/S	red	16	southwest-19860112	1986-02-27	1986-03-01
southwest-109-TUL-DAL-1900-b57	southwest	109	TUL	DAL	19:00	19:50	0	123457	N/S	red	16	southwest-19860112	1986-02-27	1986-03-01
southwest-631-TUL-DAL-2030-b57	southwest	631	TUL	DAL	20:30	21:20	0	123457	N/S	red	16	southwest-19860112	1986-02-27	1986-03-01
southwest-627-TUL-DAL-2145-b57	southwest	627	TUL	DAL	21:45	22:40	0	5	N/S	red	16	southwest-19860112	1986-02-27	1986-03-01
southwest-311-TUL-DAL-2300-b57	southwest	311	TUL	DAL	23:00	23:50	0	5	N/S	red	16	southwest-19860112	1986-02-27	1986-03-01
