schedule	printed_code	source_airline	country	origin	destination	departure_local	arrival_local	arrival_day_offset	origin_utc_offset	destination_utc_offset	printed_days	days_in_import_window	printed_page	source	printed_valid_from	printed_valid_to	import_valid_from	import_valid_to	via_marker	printed_aircraft	note
air-france-720-CDG-SVO-1025-d5-b45	AF720	air-france	su	CDG	SVO	10:25	16:05	0	+01:00	+03:00	1---5--	5	71	air-france-19851027-no25	1986-02-07	1986-03-29	1986-02-28	1986-03-01	nonstop_arrow	727	Air France nr 25, tryckt s. 71: AF720, dagar 1---5--, nonstop-pil i VIA-kolumnen, flygplanstyp 727 enligt trycket. Radgiltighet 1986-02-07–1986-03-29. Alla tider är lokala: Paris UTC+1, Moskva/Leningrad/Kiev UTC+3, Tokyo UTC+9. Publicerad planerad trafik, inte belagt genomförande eller verklig flygbana. Varianten 1---5-- gäller från 7/2. Föregående variant 12--5-- upphörde 3/2 och importeras inte.
air-france-720-CDG-SVO-0900-d6-b45	AF720	air-france	su	CDG	SVO	09:00	14:40	0	+01:00	+03:00	-----6-	6	71	air-france-19851027-no25	1985-10-27	1986-03-29	1986-02-28	1986-03-01	nonstop_arrow	AB3	Air France nr 25, tryckt s. 71: AF720, dagar -----6-, nonstop-pil i VIA-kolumnen, flygplanstyp AB3 enligt trycket. Radgiltighet 1985-10-27–1986-03-29. Alla tider är lokala: Paris UTC+1, Moskva/Leningrad/Kiev UTC+3, Tokyo UTC+9. Publicerad planerad trafik, inte belagt genomförande eller verklig flygbana.
air-france-721-SVO-CDG-1725-d5-b45	AF721	air-france	su	SVO	CDG	17:25	19:15	0	+03:00	+01:00	1---5--	5	53	air-france-19851027-no25	1986-02-07	1986-03-29	1986-02-28	1986-03-01	nonstop_arrow	727	Air France nr 25, tryckt s. 53: AF721, dagar 1---5--, nonstop-pil i VIA-kolumnen, flygplanstyp 727 enligt trycket. Radgiltighet 1986-02-07–1986-03-29. Alla tider är lokala: Paris UTC+1, Moskva/Leningrad/Kiev UTC+3, Tokyo UTC+9. Publicerad planerad trafik, inte belagt genomförande eller verklig flygbana. Varianten 1---5-- gäller från 7/2. Föregående variant 12--5-- upphörde 3/2 och importeras inte.
air-france-721-SVO-CDG-1555-d6-b45	AF721	air-france	su	SVO	CDG	15:55	17:45	0	+03:00	+01:00	-----6-	6	53	air-france-19851027-no25	1985-10-27	1986-03-29	1986-02-28	1986-03-01	nonstop_arrow	AB3	Air France nr 25, tryckt s. 53: AF721, dagar -----6-, nonstop-pil i VIA-kolumnen, flygplanstyp AB3 enligt trycket. Radgiltighet 1985-10-27–1986-03-29. Alla tider är lokala: Paris UTC+1, Moskva/Leningrad/Kiev UTC+3, Tokyo UTC+9. Publicerad planerad trafik, inte belagt genomförande eller verklig flygbana.
aeroflot-251-SVO-CDG-0930-d5-b45	SU251	aeroflot	su	SVO	CDG	09:30	11:15	0	+03:00	+01:00	---45-7	5	53	air-france-19851027-no25	1985-10-31	1986-03-29	1986-02-28	1986-03-01	nonstop_arrow	TU5	Air France nr 25, tryckt s. 53: SU251, dagar ---45-7, nonstop-pil i VIA-kolumnen, flygplanstyp TU5 enligt trycket. Radgiltighet 1985-10-31–1986-03-29. Alla tider är lokala: Paris UTC+1, Moskva/Leningrad/Kiev UTC+3, Tokyo UTC+9. Publicerad planerad trafik, inte belagt genomförande eller verklig flygbana. 31/10 står i från-kolumnen du, inte till-kolumnen au; fredagen 28 februari omfattas.
aeroflot-251-SVO-CDG-0840-d6-b45	SU251	aeroflot	su	SVO	CDG	08:40	10:25	0	+03:00	+01:00	-----6-	6	53	air-france-19851027-no25	1985-10-27	1986-03-29	1986-02-28	1986-03-01	nonstop_arrow	IL6	Air France nr 25, tryckt s. 53: SU251, dagar -----6-, nonstop-pil i VIA-kolumnen, flygplanstyp IL6 enligt trycket. Radgiltighet 1985-10-27–1986-03-29. Alla tider är lokala: Paris UTC+1, Moskva/Leningrad/Kiev UTC+3, Tokyo UTC+9. Publicerad planerad trafik, inte belagt genomförande eller verklig flygbana.
aeroflot-252-CDG-SVO-1225-d5-b45	SU252	aeroflot	su	CDG	SVO	12:25	18:00	0	+01:00	+03:00	---45-7	5	71	air-france-19851027-no25	1985-10-31	1986-03-29	1986-02-28	1986-03-01	nonstop_arrow	TU5	Air France nr 25, tryckt s. 71: SU252, dagar ---45-7, nonstop-pil i VIA-kolumnen, flygplanstyp TU5 enligt trycket. Radgiltighet 1985-10-31–1986-03-29. Alla tider är lokala: Paris UTC+1, Moskva/Leningrad/Kiev UTC+3, Tokyo UTC+9. Publicerad planerad trafik, inte belagt genomförande eller verklig flygbana. 31/10 står i från-kolumnen du, inte till-kolumnen au; fredagen 28 februari omfattas.
aeroflot-252-CDG-SVO-1150-d6-b45	SU252	aeroflot	su	CDG	SVO	11:50	17:25	0	+01:00	+03:00	-----6-	6	71	air-france-19851027-no25	1985-10-27	1986-03-29	1986-02-28	1986-03-01	nonstop_arrow	IL6	Air France nr 25, tryckt s. 71: SU252, dagar -----6-, nonstop-pil i VIA-kolumnen, flygplanstyp IL6 enligt trycket. Radgiltighet 1985-10-27–1986-03-29. Alla tider är lokala: Paris UTC+1, Moskva/Leningrad/Kiev UTC+3, Tokyo UTC+9. Publicerad planerad trafik, inte belagt genomförande eller verklig flygbana.
air-france-270-CDG-SVO-1135-d6-b45	AF270	air-france	su	CDG	SVO	11:35	17:10	0	+01:00	+03:00	-----6-	6	71	air-france-19851027-no25	1985-10-27	1986-03-29	1986-02-28	1986-03-01	nonstop_arrow	74M	Air France nr 25, tryckt s. 71: AF270, dagar -----6-, nonstop-pil i VIA-kolumnen, flygplanstyp 74M enligt trycket. Radgiltighet 1985-10-27–1986-03-29. Alla tider är lokala: Paris UTC+1, Moskva/Leningrad/Kiev UTC+3, Tokyo UTC+9. Publicerad planerad trafik, inte belagt genomförande eller verklig flygbana. Fysisk delsträcka i CDG–SVO–NRT: 75 minuters markuppehåll i Moskva 17:10–18:25 lokalt. Narita-ankomsten 09:45a är söndag 2 mars, 00:45 UTC; hela flygintervallet behålls trots senare ankomst än observationsfönstrets slut. Ingen extra genomgående CDG–NRT-rörelse.
air-france-270-SVO-NRT-1825-d6-b45	AF270	air-france	su	SVO	NRT	18:25	09:45	1	+03:00	+09:00	-----6-	6	53	air-france-19851027-no25	1985-10-27	1986-03-29	1986-02-28	1986-03-01	nonstop_arrow	74M	Air France nr 25, tryckt s. 53: AF270, dagar -----6-, nonstop-pil i VIA-kolumnen, flygplanstyp 74M enligt trycket. Radgiltighet 1985-10-27–1986-03-29. Alla tider är lokala: Paris UTC+1, Moskva/Leningrad/Kiev UTC+3, Tokyo UTC+9. Publicerad planerad trafik, inte belagt genomförande eller verklig flygbana. Fysisk delsträcka i CDG–SVO–NRT: 75 minuters markuppehåll i Moskva 17:10–18:25 lokalt. Narita-ankomsten 09:45a är söndag 2 mars, 00:45 UTC; hela flygintervallet behålls trots senare ankomst än observationsfönstrets slut. Ingen extra genomgående CDG–NRT-rörelse.
air-france-700-CDG-KBP-1355-d6-b45	AFSU700	air-france	su	CDG	KBP	13:55	19:05	0	+01:00	+03:00	-----6-	6	68	air-france-19851027-no25	1985-10-27	1986-03-29	1986-02-28	1986-03-01	nonstop_arrow	TU3	Air France nr 25, tryckt s. 68: AFSU700, dagar -----6-, nonstop-pil i VIA-kolumnen, flygplanstyp TU3 enligt trycket. Radgiltighet 1985-10-27–1986-03-29. Alla tider är lokala: Paris UTC+1, Moskva/Leningrad/Kiev UTC+3, Tokyo UTC+9. Publicerad planerad trafik, inte belagt genomförande eller verklig flygbana. Samarbetskod AFSU700 räknas en gång under första koden AF; faktisk operatör är inte fastställd. G och ATTN DEP.CDG1 anger CDG 1. KIEV IEV är stadsrubriken; flygplatsnamnet BORISPOL 38 KM styr till KBP, inte Zhulyany.
aeroflot-644-CDG-LED-1450-d6-b45	SU644	aeroflot	su	CDG	LED	14:50	20:15	0	+01:00	+03:00	-----6-	6	69	air-france-19851027-no25	1985-10-27	1986-03-29	1986-02-28	1986-03-01	nonstop_arrow	ILW	Air France nr 25, tryckt s. 69: SU644, dagar -----6-, nonstop-pil i VIA-kolumnen, flygplanstyp ILW enligt trycket. Radgiltighet 1985-10-27–1986-03-29. Alla tider är lokala: Paris UTC+1, Moskva/Leningrad/Kiev UTC+3, Tokyo UTC+9. Publicerad planerad trafik, inte belagt genomförande eller verklig flygbana. Paris G = CDG 1; destination Pulkovo. Flygplansbeteckningen ILW bevaras utan osäker expansion.
