airline	flight	origin	destination	departure	arrival	days	aircraft	pdf_page	leg_index
british-midland	331	MME	LHR	07:25	08:20	1234567	DC9	2	1
british-midland	333	MME	LHR	10:20	11:15	12345	DC9	2	1
british-midland	335	MME	LHR	13:10	14:05	12345	DC9	2	1
british-midland	345	MME	LHR	14:00	15:10	67	Visc	2	1
british-midland	337	MME	LHR	16:00	16:55	12345	DC9	2	1
british-midland	339	MME	LHR	18:50	19:45	1234567	DC9	2	1
british-midland	332	LHR	MME	08:55	09:50	1234567	DC9	2	1
british-midland	334	LHR	MME	11:45	12:40	12345	DC9	2	1
british-midland	346	LHR	MME	12:10	13:20	67	Visc	2	1
british-midland	336	LHR	MME	14:35	15:30	12345	DC9	2	1
british-midland	338	LHR	MME	17:25	18:20	12345	DC9	2	1
british-midland	340	LHR	MME	20:20	21:15	1234567	DC9	2	1
casair	500	HUY	MME	07:15	07:45	12345	C404	2	1
casair	500	MME	GLA	07:50	08:50	12345	C404	2	2
casair	501	GLA	MME	09:20	10:20	12345	C404	2	1
casair	501	MME	HUY	10:30	11:00	12345	C404	2	2
casair	502	HUY	MME	16:50	17:20	12345	C404	2	1
casair	502	MME	GLA	17:30	18:20	12345	C404	2	2
casair	503	GLA	MME	18:55	19:50	12345	C404	2	1
casair	503	MME	HUY	20:00	20:30	12345	C404	2	2
jersey-european	105	MME	BLK	15:40	16:15	12345	SH3	2	1
jersey-european	102	BLK	MME	10:55	11:30	12345	SH3	2	1
dan-air	810	MME	AMS	07:45	09:45	6	1-11	2	1
dan-air	811	AMS	MME	10:15	10:20	6	1-11	2	1
air-uk	211	MME	NWI	20:35	21:30	5	F27	2	1
