Name,CatalogId,PartType,Mesh,Material,Gender,CompatibleBodyBuilds,MinimumAge,MaximumAge,EarliestYear,LatestYear,Tags,SelectionWeight,HiddenBodyRegions,bObscuredFallback,DefaultPrimaryColor,DefaultSecondaryColor
UNKNOWN_BODY_STANDARD,UNKNOWN_BODY_STANDARD,Body,,,Unknown,"()",0,0,1970,1989,"(Average)",1.0,0,False,"(R=0.50,G=0.50,B=0.50,A=1.0)","(R=0.50,G=0.50,B=0.50,A=1.0)"
UNKNOWN_FACE_OBSCURED,UNKNOWN_FACE_OBSCURED,Face,,/Game/TMOP/Characters/Appearance/Materials/Unknown/MI_TMOP_UnknownFace.MI_TMOP_UnknownFace,Unknown,"()",0,0,1970,1989,"(Obscured,Unknown)",1.0,0,True,"(R=0.34,G=0.31,B=0.29,A=1.0)","(R=0.34,G=0.31,B=0.29,A=1.0)"
UNKNOWN_HAIR_OBSCURED,UNKNOWN_HAIR_OBSCURED,Hair,,/Game/TMOP/Characters/Appearance/Materials/Unknown/MI_TMOP_UnknownHair.MI_TMOP_UnknownHair,Unknown,"()",0,0,1970,1989,"(Obscured,Unknown)",1.0,0,True,"(R=0.12,G=0.12,B=0.13,A=1.0)","(R=0.12,G=0.12,B=0.13,A=1.0)"
UNKNOWN_OUTERWEAR_OBSCURED,UNKNOWN_OUTERWEAR_OBSCURED,Outerwear,,/Game/TMOP/Characters/Appearance/Materials/Unknown/MI_TMOP_UnknownOuterwear.MI_TMOP_UnknownOuterwear,Unknown,"()",0,0,1970,1989,"(Obscured,Unknown,Winter)",1.0,0,True,"(R=0.10,G=0.13,B=0.18,A=1.0)","(R=0.10,G=0.13,B=0.18,A=1.0)"
UNKNOWN_UPPER_BODY_OBSCURED,UNKNOWN_UPPER_BODY_OBSCURED,UpperBody,,/Game/TMOP/Characters/Appearance/Materials/Unknown/MI_TMOP_UnknownUpperBody.MI_TMOP_UnknownUpperBody,Unknown,"()",0,0,1970,1989,"(Obscured,Unknown)",1.0,0,True,"(R=0.22,G=0.23,B=0.25,A=1.0)","(R=0.22,G=0.23,B=0.25,A=1.0)"
UNKNOWN_TROUSERS_OBSCURED,UNKNOWN_TROUSERS_OBSCURED,Trousers,,/Game/TMOP/Characters/Appearance/Materials/Unknown/MI_TMOP_UnknownTrousers.MI_TMOP_UnknownTrousers,Unknown,"()",0,0,1970,1989,"(Obscured,Unknown)",1.0,0,True,"(R=0.12,G=0.13,B=0.15,A=1.0)","(R=0.12,G=0.13,B=0.15,A=1.0)"
UNKNOWN_FOOTWEAR_OBSCURED,UNKNOWN_FOOTWEAR_OBSCURED,Footwear,,/Game/TMOP/Characters/Appearance/Materials/Unknown/MI_TMOP_UnknownFootwear.MI_TMOP_UnknownFootwear,Unknown,"()",0,0,1970,1989,"(Obscured,Unknown)",1.0,0,True,"(R=0.055,G=0.055,B=0.06,A=1.0)","(R=0.055,G=0.055,B=0.06,A=1.0)"
UNKNOWN_GLOVES_OBSCURED,UNKNOWN_GLOVES_OBSCURED,Gloves,,/Game/TMOP/Characters/Appearance/Materials/Unknown/MI_TMOP_UnknownGloves.MI_TMOP_UnknownGloves,Unknown,"()",0,0,1970,1989,"(Obscured,Unknown,Winter)",1.0,0,True,"(R=0.07,G=0.07,B=0.075,A=1.0)","(R=0.07,G=0.07,B=0.075,A=1.0)"
UNKNOWN_HEADWEAR_OBSCURED,UNKNOWN_HEADWEAR_OBSCURED,Headwear,,/Game/TMOP/Characters/Appearance/Materials/Unknown/MI_TMOP_UnknownHeadwear.MI_TMOP_UnknownHeadwear,Unknown,"()",0,0,1970,1989,"(Obscured,Unknown,Winter)",1.0,0,True,"(R=0.14,G=0.15,B=0.17,A=1.0)","(R=0.14,G=0.15,B=0.17,A=1.0)"
